lemma;fc_count;stopword;rfc_count;fcTotalCount;rfcTotalCount;simpleMathsScore
Smuuli;4;no;1;3786;932062935;1056.3906460975586
näitering;10;no;2615;3786;932062935;694.3207218519048
lavakunstikateeder;4;no;738;3786;932062935;590.2046779777999
Üksküla;4;no;873;3786;932062935;546.0634849024443
õnneks;2;no;1;3786;932062935;528.6947871792454
1983.;2;no;1;3786;932062935;528.6947871792454
biorütm;2;no;218;3786;932062935;428.93783881894007
päevatee;2;no;423;3786;932062935;364.0461982267024
teatritöö;2;no;626;3786;932062935;316.61462368634494
draamateater;3;no;1520;3786;932062935;301.579630255086
tähestikuline;2;no;916;3786;932062935;266.9311204191578
näitlejaväline;1;no;1;3786;932062935;264.8468577200889
kariderohk;1;no;1;3786;932062935;264.8468577200889
Orgulane;1;no;1;3786;932062935;264.8468577200889
57.;1;no;1;3786;932062935;264.8468577200889
kaluripoog;1;no;1;3786;932062935;264.8468577200889
afiš;1;no;1;3786;932062935;264.8468577200889
siseseadus;1;no;1;3786;932062935;264.8468577200889
korpanson;1;no;1;3786;932062935;264.8468577200889
järvet;1;no;1;3786;932062935;264.8468577200889
Miinov;1;no;1;3786;932062935;264.8468577200889
rupi;1;no;1;3786;932062935;264.8468577200889
puhtvedamine;1;no;1;3786;932062935;264.8468577200889
Judel;1;no;1;3786;932062935;264.8468577200889
jahis;1;no;1;3786;932062935;264.8468577200889
teatriafiss;1;no;1;3786;932062935;264.8468577200889
enesesuunamine;1;no;1;3786;932062935;264.8468577200889
Järvitsus;1;no;1;3786;932062935;264.8468577200889
algtuumik;1;no;1;3786;932062935;264.8468577200889
lootmis;1;no;1;3786;932062935;264.8468577200889
tühja-tähja;1;no;1;3786;932062935;264.8468577200889
seesmane;1;no;1;3786;932062935;264.8468577200889
kuulikovi;1;no;1;3786;932062935;264.8468577200889
Mikivad;1;no;1;3786;932062935;264.8468577200889
näidelenk;1;no;1;3786;932062935;264.8468577200889
viiendane;1;no;1;3786;932062935;264.8468577200889
Kehras;1;no;1;3786;932062935;264.8468577200889
läbi-lõhk;1;no;1;3786;932062935;264.8468577200889
trafaret;1;no;1;3786;932062935;264.8468577200889
Mikiveri;1;no;1;3786;932062935;264.8468577200889
Moktonovski;1;no;1;3786;932062935;264.8468577200889
teatriteadlased-kriitik;1;no;1;3786;932062935;264.8468577200889
Veeveea;1;no;1;3786;932062935;264.8468577200889
misjao;1;no;1;3786;932062935;264.8468577200889
hiliaad;1;no;1;3786;932062935;264.8468577200889
smuhtonovskiga;1;no;1;3786;932062935;264.8468577200889
smunktonovskiga;1;no;1;3786;932062935;264.8468577200889
libl;1;no;1;3786;932062935;264.8468577200889
teatrikunstipidupäev;1;no;1;3786;932062935;264.8468577200889
vanathayron;1;no;1;3786;932062935;264.8468577200889
piinane;1;no;1;3786;932062935;264.8468577200889
grammatikatund;1;no;1;3786;932062935;264.8468577200889
Arnot;1;no;1;3786;932062935;264.8468577200889
närveer;1;no;1;3786;932062935;264.8468577200889
Ojamaakiirt;1;no;1;3786;932062935;264.8468577200889
Teelet;1;no;1;3786;932062935;264.8468577200889
vanatreial;1;no;1;3786;932062935;264.8468577200889
lukkseba;1;no;1;3786;932062935;264.8468577200889
tuge;1;no;1;3786;932062935;264.8468577200889
veegema;1;no;1;3786;932062935;264.8468577200889
Lutsu;1;no;1;3786;932062935;264.8468577200889
varajas;1;no;1;3786;932062935;264.8468577200889
vard;1;no;1;3786;932062935;264.8468577200889
puhkuseliikumine;1;no;1;3786;932062935;264.8468577200889
sööbinud;1;no;1;3786;932062935;264.8468577200889
Yenn;1;no;1;3786;932062935;264.8468577200889
anded;1;no;1;3786;932062935;264.8468577200889
61.;1;no;1;3786;932062935;264.8468577200889
kõnema;1;no;1;3786;932062935;264.8468577200889
näitekunstiim;1;no;1;3786;932062935;264.8468577200889
valjuhääld;1;no;1;3786;932062935;264.8468577200889
kolabrinioon;1;no;1;3786;932062935;264.8468577200889
muutonovsk;1;no;1;3786;932062935;264.8468577200889
trioga;1;no;1;3786;932062935;264.8468577200889
liiger;1;no;10;3786;932062935;262.3166427727396
haltuuramaiguline;1;no;13;3786;932062935;261.48394698161934
kaela;1;no;16;3786;932062935;260.65652106717323
vennane;1;no;16;3786;932062935;260.65652106717323
jänd;1;no;18;3786;932062935;260.1078068473786
suunamiskomisjon;1;no;25;3786;932062935;258.205367016782
lasteraadio;1;no;27;3786;932062935;257.66691357938214
valvelauatädi;1;no;32;3786;932062935;256.3305541767702
seans;1;no;35;3786;932062935;255.5353715317748
ripper;1;no;40;3786;932062935;254.22097427244623
samakeelne;1;no;41;3786;932062935;253.95971576066003
lobima;1;no;47;3786;932062935;252.4033721998
toonud;1;no;49;3786;932062935;251.88882137294647
koolipõlv;1;no;58;3786;932062935;249.59906855803425
vales;1;no;63;3786;932062935;248.3448812107885
küpsenud;1;no;63;3786;932062935;248.3448812107885
tseesar;1;no;63;3786;932062935;248.3448812107885
hüvastijätukõne;1;no;65;3786;932062935;247.8467283410085
laulueriala;1;no;90;3786;932062935;241.78431476906417
mokka;1;no;93;3786;932062935;241.0766968077268
kontsentratsioonivõime;1;no;93;3786;932062935;241.0766968077268
nullpäev;1;no;112;3786;932062935;236.6895501273911
teatrihuvi;1;no;120;3786;932062935;234.8897372663676
estraadilaulja;1;no;122;3786;932062935;234.44405280205928
tulemusrikkalt;1;no;129;3786;932062935;232.89738830603252
teatriteemaline;1;no;137;3786;932062935;231.1545731307517
klassipäevik;1;no;138;3786;932062935;230.93855352520328
nakatavalt;1;no;140;3786;932062935;230.50772330808505
Orgulas;1;no;144;3786;932062935;229.650867390794
keskööprogramm;1;no;150;3786;932062935;228.3774616028536
Meel;2;no;1229;3786;932062935;228.26984899663145
ilmeline;1;no;154;3786;932062935;227.53634105912437
Illi;1;no;158;3786;932062935;226.70139352076365
Lorenz;2;no;1247;3786;932062935;226.38424155687235
ool;1;no;160;3786;932062935;226.2862134313107
tiger;1;no;162;3786;932062935;225.8725512804559
mõttelage;1;no;167;3786;932062935;224.8449825030571
kunstnikutee;1;no;169;3786;932062935;224.43656809665796
Aadi;1;no;169;3786;932062935;224.43656809665796
üksküla;1;no;174;3786;932062935;223.4219939662236
ärn;1;no;175;3786;932062935;223.2201788869696
balsa;1;no;186;3786;932062935;221.02403957236413
Sööt;3;no;2444;3786;932062935;219.039824652884
kunstiteater;1;no;217;3786;932062935;215.0611414420339
mui;1;no;245;3786;932062935;209.9452620941068
Klooren;1;no;252;3786;932062935;208.70409763298065
teeneline;2;no;1539;3786;932062935;199.63292025367505
küpsuseksam;1;no;312;3786;932062935;198.63849282659768
alaväärtuslik;1;no;329;3786;932062935;195.96070864602297
lavaproov;1;no;338;3786;932062935;194.5720795244163
sündinud;1;no;364;3786;932062935;190.66881685790483
Laidla;1;no;373;3786;932062935;189.35392291241004
Romulus;1;no;377;3786;932062935;188.7753291172617
teatriteadlane;1;no;379;3786;932062935;188.4873561693921
Lenk;2;no;1699;3786;932062935;187.4928582218301
Ivalo;1;no;392;3786;932062935;186.6367374673422
tõtt-öelda;2;no;1712;3786;932062935;186.57101664059564
sõnaliselt;1;no;402;3786;932062935;185.23772747635292
püüdlikkus;1;no;408;3786;932062935;184.4083437691929
misse;1;no;418;3786;932062935;183.04241971492507
Siig;1;no;448;3786;932062935;179.0634181402992
aast;1;no;470;3786;932062935;176.253704609796
küsimuste-vastus;1;no;527;3786;932062935;169.368147502036
lohutamine;1;no;571;3786;932062935;164.41013921338802
koolitükk;1;no;573;3786;932062935;164.1916631146282
Amman;1;no;585;3786;932062935;162.8929035761022
Mer;1;no;607;3786;932062935;160.56444526736237
filmivaatamine;1;no;616;3786;932062935;159.6309690018084
iil;1;no;629;3786;932062935;158.30161670569262
muhedalt;1;no;657;3786;932062935;155.51227138139345
Tammur;1;no;677;3786;932062935;153.57931688969865
konservatoorium;4;no;5544;3786;932062935;152.20342461887057
kadunud;1;no;695;3786;932062935;151.88028752546907
Vihalemm;1;no;703;3786;932062935;151.13717099203498
täismees;1;no;749;3786;932062935;147.0015079416605
Lauter;1;no;751;3786;932062935;146.82682462485195
hämmastavam;1;no;753;3786;932062935;146.65255597105255
Waterloo;1;no;792;3786;932062935;143.33513085462485
kiituskiri;1;no;811;3786;932062935;141.77272743731058
traagilisem;1;no;818;3786;932062935;141.20565692103727
kaotanu;1;no;825;3786;932062935;140.6431047330889
alatus;1;no;839;3786;932062935;139.53134104171943
Ani;1;no;905;3786;932062935;134.51841070966552
nahutama;1;no;907;3786;932062935;134.3721205440061
diktsioon;1;no;921;3786;932062935;133.3569312311746
logelema;1;no;938;3786;932062935;132.1446362925928
Draamateater;4;no;6611;3786;932062935;130.67356924476388
Tootsi;3;no;4804;3786;932062935;128.9198256154595
lapsepõlvesõber;1;no;1061;3786;932062935;123.98945464802073
Aav;1;no;1063;3786;932062935;123.86515836395586
ebaõnnestumine;5;no;9671;3786;932062935;116.18017244270636
sulepea;1;no;1198;3786;932062935;116.0147816899286
noorsooteater;1;no;1227;3786;932062935;114.45649980084234
laveerima;1;no;1232;3786;932062935;114.1920516234125
Pedagoogiline;1;no;1235;3786;932062935;114.03396846424933
maneer;1;no;1246;3786;932062935;113.45805597202984
Aarne;4;no;7779;3786;932062935;113.15254683719424
sisseastumiseksam;1;no;1275;3786;932062935;111.96725860009678
suuliselt;2;no;3479;3786;932062935;111.83370473599174
muulane;1;no;1366;3786;932062935;107.53351556485268
laiskus;3;no;6053;3786;932062935;105.86765504919543
roots;1;no;1448;3786;932062935;103.82867728236504
Kalmet;1;no;1534;3786;932062935;100.20781825255143
monoloog;2;no;4009;3786;932062935;99.8379329172959
teatrikool;1;no;1549;3786;932062935;99.60198224066154
vanusepiir;1;no;1591;3786;932062935;97.94396444170886
TPI;1;no;1594;3786;932062935;97.8276443416615
näitleja;34;no;85171;3786;932062935;97.22395899805446
elukutse;5;no;11797;3786;932062935;96.77583389284798
Randalu;1;no;1627;3786;932062935;96.5661230953015
sisseastuja;1;no;1631;3786;932062935;96.41541883942602
Spencer;1;no;1642;3786;932062935;96.00339720902495
sattunu;1;no;1651;3786;932062935;95.66889874862208
koolitüdruk;1;no;1733;3786;932062935;92.7253098395718
kunstiinstituut;1;no;1774;3786;932062935;91.32041357708984
tiiter;1;no;1776;3786;932062935;91.25297023048454
Mikiver;1;no;1788;3786;932062935;90.85039291189548
ainuisikuliselt;1;no;1811;3786;932062935;90.08863166671514
õhutus;1;no;1820;3786;932062935;89.79401715238521
Õnn;1;no;1820;3786;932062935;89.79401715238521
Koguva;1;no;1846;3786;932062935;88.95363142298055
vaatajaskond;1;no;1866;3786;932062935;88.31780847339432
Saul;2;no;4656;3786;932062935;88.27844560499159
loid;1;no;1906;3786;932062935;87.07304666935921
Marje;2;no;4754;3786;932062935;86.75695564468232
õudselt;1;no;2004;3786;932062935;84.16671980835233
meelsamini;1;no;2068;3786;932062935;82.37120078610404
malbe;1;no;2157;3786;932062935;79.9979772473731
kirjeldamatu;1;no;2162;3786;932062935;79.86870066359319
Kingissepa;1;no;2223;3786;932062935;78.32451887044009
fantaseerima;1;no;2250;3786;932062935;77.65993050349067
lavaline;1;no;2362;3786;932062935;75.01944901056773
Panso;1;no;2375;3786;932062935;74.72454901733934
valjem;1;no;2386;3786;932062935;74.47682314375197
tahtejõud;2;no;5723;3786;932062935;74.12484519872795
äramärkimine;1;no;2464;3786;932062935;72.76625643271053
Veevalaja;1;no;2482;3786;932062935;72.38261013188779
pioneer;2;no;5929;3786;932062935;71.89928361219253
eneseusk;1;no;2510;3786;932062935;71.79380245406047
mate;1;no;2597;3786;932062935;70.02391029612896
akustika;1;no;2679;3786;932062935;68.43380767326161
köster;1;no;2708;3786;932062935;67.8886026979733
kiiluma;1;no;2827;3786;932062935;65.73946503766997
eestvõttel;1;no;2833;3786;932062935;65.63470270114716
Silvi;1;no;2845;3786;932062935;65.4261765404853
matkima;1;no;2863;3786;932062935;65.11585990070903
Smuul;1;no;2877;3786;932062935;64.87653016156678
Helmut;1;no;2884;3786;932062935;64.75752381422231
ööpäevane;1;no;2932;3786;932062935;63.95309562674957
reastama;1;no;2955;3786;932062935;63.574681069534456
nukuteater;1;no;3000;3786;932062935;62.84710862336021
kateeder;1;no;3016;3786;932062935;62.59241315509414
tasakesi;1;no;3137;3786;932062935;60.731129092215326
kutseline;2;no;7206;3786;932062935;60.61706745017537
tollal;5;no;19698;3786;932062935;59.7121629774208
keskkool;8;no;32881;3786;932062935;58.274101176858345
kajama;1;no;3403;3786;932062935;57.00465946980159
teatrietendus;1;no;3444;3786;932062935;56.47057413488354
isemoodi;1;no;3451;3786;932062935;56.38038742645468
Ojamaa;1;no;3686;3786;932062935;53.51135094260762
teatrimaja;1;no;3809;3786;932062935;52.12307657118953
ahhaa;1;no;3891;3786;932062935;51.23689856844748
hoolas;1;no;3895;3786;932062935;51.194440536092486
närvisüsteem;2;no;8731;3786;932062935;51.05063613503901
ilmsi;1;no;4004;3786;932062935;50.06394562711012
kurvem;1;no;4010;3786;932062935;50.00316459746451
kergemalt;1;no;4020;3786;932062935;49.902190184873646
Kihnu;3;no;13908;3786;932062935;49.83080169797816
pikisilmi;1;no;4104;3786;932062935;49.06983681089236
koormav;1;no;4107;3786;932062935;49.04062314312683
palee;2;no;9207;3786;932062935;48.653954808957614
Muhumaa;1;no;4239;3786;932062935;47.78877950164294
klassivend;1;no;4364;3786;932062935;46.66084776989788
laabuma;1;no;4380;3786;932062935;46.52030471281184
ebaõnnestuma;2;no;9674;3786;932062935;46.51165214348855
Arvi;1;no;4439;3786;932062935;46.009288921101344
dress;1;no;4470;3786;932062935;45.74526238647636
Aava;1;no;4480;3786;932062935;45.66073775522967
miljardär;1;no;4654;3786;932062935;44.23845367754231
sedalaadi;1;no;4662;3786;932062935;44.1751888137872
mehelik;1;no;4732;3786;932062935;43.62924445327223
repliik;1;no;4738;3786;932062935;43.58307645307178
lindistama;1;no;4769;3786;932062935;43.346089879611824
näitemäng;1;no;4871;3786;932062935;42.584198923535126
vunts;1;no;4897;3786;932062935;42.39425601429599
kaaluv;1;no;4958;3786;932062935;41.95520304569269
Napoleon;1;no;5072;3786;932062935;41.15859361654636
kohutavalt;3;no;17130;3786;932062935;40.94173716262166
tahtmatult;1;no;5150;3786;932062935;40.630751281404414
hääbuma;1;no;5196;3786;932062935;40.32575856530977
jonn;1;no;5198;3786;932062935;40.31260184604182
lähedasem;1;no;5369;3786;932062935;39.21858723504935
ettevalmistatud;1;no;5410;3786;932062935;38.96504795404298
repertuaar;2;no;11754;3786;932062935;38.8856268782705
roostetama;1;no;5457;3786;932062935;38.67840854033371
esinemine;7;no;43780;3786;932062935;38.56317543713967
õhutamine;1;no;5648;3786;932062935;37.555687359065296
etendus;10;no;65444;3786;932062935;37.10372668374559
Silvia;1;no;5835;3786;932062935;36.517879139516765
tütarlaps;3;no;20322;3786;932062935;34.79298219644144
häbenema;2;no;13395;3786;932062935;34.43172631283393
Alfred;1;no;6383;3786;932062935;33.78218186031691
Voldemar;1;no;6403;3786;932062935;33.690070361998
kooliõpilane;1;no;6436;3786;932062935;33.53917964190592
Aruküla;1;no;6437;3786;932062935;33.53462829257728
ühtemoodi;1;no;6443;3786;932062935;33.50734611593299
grammatika;1;no;6666;3786;932062935;32.52391938628153
Ellen;1;no;6690;3786;932062935;32.421509569946046
Atlandi;1;no;6934;3786;932062935;31.415816073665017
näidend;3;no;22895;3786;932062935;31.035811476925566
labane;1;no;7183;3786;932062935;30.451863204167942
õieti;3;no;23352;3786;932062935;30.451750816116093
ehmatus;1;no;7232;3786;932062935;30.269093753603403
horoskoop;1;no;7242;3786;932062935;30.232063094561138
abiellumine;1;no;7411;3786;932062935;29.61967185374392
tänulik;5;no;41276;3786;932062935;29.18555353052399
uinuma;1;no;7675;3786;932062935;28.711162943278
Teater;1;no;7676;3786;932062935;28.70782756304669
juhitav;2;no;16296;3786;932062935;28.633834906795176
võlgu;1;no;7776;3786;932062935;28.37815806275332
kangesti;1;no;7793;3786;932062935;28.3228657753898
Tõnisson;1;no;7824;3786;932062935;28.22259138888128
võrdväärne;1;no;7841;3786;932062935;28.167903071110658
kahekesi;2;no;16854;3786;932062935;27.735509069515565
tööpuudus;1;no;8039;3786;932062935;27.546210318703285
algklass;1;no;8086;3786;932062935;27.402646019550488
õigemini;2;no;17288;3786;932062935;27.074852134404395
kiitus;2;no;17664;3786;932062935;26.527416667116544
Leningrad;1;no;8394;3786;932062935;26.49765373793648
hellitama;1;no;8513;3786;932062935;26.163805163658616
kaunitar;1;no;8775;3786;932062935;25.457626889263967
kehvasti;1;no;8850;3786;932062935;25.26244086057228
järjestus;1;no;8970;3786;932062935;24.95629325040576
lava;9;no;90410;3786;932062935;24.26716129244714
viiul;1;no;9287;3786;932062935;24.182137634504507
kõikumine;1;no;9321;3786;932062935;24.10194767714391
des;1;no;9325;3786;932062935;24.09254851567639
Raud;1;no;9378;3786;932062935;23.968698149351653
pajatama;1;no;9410;3786;932062935;23.89453515637822
üleeile;1;no;9452;3786;932062935;23.79788989499548
päevik;2;no;20011;3786;932062935;23.554601892555844
näitlejanna;1;no;9560;3786;932062935;23.552926428365307
siiamaani;3;no;30782;3786;932062935;23.31748646697011
kummitama;1;no;9714;3786;932062935;23.21222295027073
isand;1;no;9744;3786;932062935;23.14699603162592
kultuurimaja;1;no;9858;3786;932062935;22.90244161489069
moment;3;no;31611;3786;932062935;22.72349823913404
hindaja;1;no;9969;3786;932062935;22.669237657220584
prototüüp;1;no;10041;3786;932062935;22.52049294291536
õppur;1;no;10045;3786;932062935;22.51228656090725
Leo;1;no;10135;3786;932062935;22.329211267816248
kiruma;1;no;10195;3786;932062935;22.208806387939568
kild;1;no;10394;3786;932062935;21.818595553286457
kehvem;2;no;21884;3786;932062935;21.62097427807902
teater;10;no;115072;3786;932062935;21.23028482944864
mõistatus;1;no;10813;3786;932062935;21.040226668639267
käekäik;1;no;10854;3786;932062935;20.96703434833929
Ilmar;1;no;10943;3786;932062935;20.809892776356357
matkama;1;no;11189;3786;932062935;20.38755080433328
paralleel;1;no;11577;3786;932062935;19.755179718410584
hiljaks;1;no;11877;3786;932062935;19.292495293671813
Kehra;1;no;11894;3786;932062935;19.26692451473096
arenev;1;no;12152;3786;932062935;18.887006858457426
esitatav;1;no;12393;3786;932062935;18.545412325276462
laupäevane;1;no;12860;3786;932062935;17.917463656776274
reserv;1;no;12862;3786;932062935;17.914865805259833
erakordne;2;no;27975;3786;932062935;17.06522419638089
käsk;3;no;42433;3786;932062935;17.052719015026625
lõpetaja;1;no;13762;3786;932062935;16.817594118316844
Jaanus;2;no;28893;3786;932062935;16.53996542839708
loominguline;2;no;29013;3786;932062935;16.47368419012699
astumine;1;no;14140;3786;932062935;16.39581704611782
pidev;5;no;75209;3786;932062935;16.178729751392957
tõestus;1;no;14379;3786;932062935;16.139884437737997
fikseeritud;1;no;14584;3786;932062935;15.926642436619735
Juhan;2;no;30180;3786;932062935;15.855763434115303
suunamine;1;no;14747;3786;932062935;15.761068592830007
NSV;2;no;30428;3786;932062935;15.730373719821335
väsima;1;no;14879;3786;932062935;15.62948597483611
Madis;2;no;30753;3786;932062935;15.569024144173351
Kaarel;1;no;15062;3786;932062935;15.450657371683874
õppeaine;1;no;15365;3786;932062935;15.16339400390452
passima;1;no;15570;3786;932062935;14.975023872058308
seitsmes;2;no;32230;3786;932062935;14.875597782067448
juhendama;2;no;32887;3786;932062935;14.586610835220268
instrument;1;no;16045;3786;932062935;14.556038776316967
hämmastav;1;no;16097;3786;932062935;14.51159041064602
potentsiaal;2;no;33068;3786;932062935;14.508958727157344
edusamm;1;no;16372;3786;932062935;14.280969002372249
vaimustus;1;no;16993;3786;932062935;13.78621583008872
vaataja;3;no;52727;3786;932062935;13.781310981805367
Viktor;1;no;17256;3786;932062935;13.586866686847298
kirjalikult;1;no;17505;3786;932062935;13.403370550995714
Tõnu;2;no;36720;3786;932062935;13.1016861067155
kriitika;2;no;36834;3786;932062935;13.062137578219527
maksimum;1;no;18040;3786;932062935;13.02540410267902
noorus;1;no;18379;3786;932062935;12.796746984959974
muusikakool;1;no;18514;3786;932062935;12.707908393377496
sageli;8;no;155963;3786;932062935;12.558877339499176
noot;1;no;18791;3786;932062935;12.529432533083057
daam;1;no;18856;3786;932062935;12.488275744905982
trikk;1;no;19101;3786;932062935;12.335546850306622
lend;4;no;79420;3786;932062935;12.267002498139837
tõsisem;1;no;19427;3786;932062935;12.138023600536288
vahetult;2;no;40078;3786;932062935;12.028889363728728
rääkimine;1;no;19648;3786;932062935;12.007678847743698
järjekord;3;no;60715;3786;932062935;11.995579320286732
klaver;1;no;19703;3786;932062935;11.975673985984551
eesots;1;no;19776;3786;932062935;11.933457376747809
võrdlemisi;1;no;19896;3786;932062935;11.86470326890404
kõrgkool;1;no;20267;3786;932062935;11.657061783699714
niiet;1;no;20706;3786;932062935;11.420559554345044
valmisolek;1;no;21041;3786;932062935;11.24644238815737
nauding;1;no;21374;3786;932062935;11.078547886731029
roos;1;no;21579;3786;932062935;10.977659611337833
mängima;24;no;537718;3786;932062935;10.970783877108929
valdama;1;no;22066;3786;932062935;10.74520002350944
üleüldse;1;no;22343;3786;932062935;10.61731979328947
rull;1;no;22550;3786;932062935;10.523725580409002
laulja;2;no;46396;3786;932062935;10.423107967088557
Ants;1;no;22911;3786;932062935;10.364389301136304
tõepoolest;3;no;73132;3786;932062935;9.984494557751889
pettumus;1;no;24008;3786;932062935;9.908506928546512
tasapisi;1;no;24082;3786;932062935;9.879194236937089
visiit;1;no;24315;3786;932062935;9.788021166107717
sõnastama;1;no;24616;3786;932062935;9.672701488897973
pidevalt;6;no;152216;3786;932062935;9.651133519666685
kuulamine;1;no;24756;3786;932062935;9.619985244318835
sundima;4;no;102005;3786;932062935;9.575549648009144
enesetunne;1;no;25080;3786;932062935;9.50016102172842
tahes;2;no;51138;3786;932062935;9.473879654427714
tohutult;1;no;25437;3786;932062935;9.37154221213639
ühendamine;1;no;25574;3786;932062935;9.323104189250412
pealegi;2;no;52151;3786;932062935;9.293086769478954
unenägu;1;no;25726;3786;932062935;9.269945344205242
tegelev;1;no;26043;3786;932062935;9.161008705903638
Mati;1;no;26061;3786;932062935;9.154899797214645
huvitavam;1;no;26275;3786;932062935;9.082890975046498
meister;3;no;81361;3786;932062935;8.986082264110113
garanteerima;1;no;26599;3786;932062935;8.975998746335131
tihedalt;1;no;26804;3786;932062935;8.90965624677739
isiklikult;2;no;55224;3786;932062935;8.784545854214578
päriselt;2;no;55847;3786;932062935;8.688158704017315
meeldiv;3;no;84943;3786;932062935;8.611256958952477
pisar;1;no;28550;3786;932062935;8.382004574600627
lahutama;1;no;28584;3786;932062935;8.372349216561718
proov;3;no;88769;3786;932062935;8.2439628818597
range;1;no;29354;3786;932062935;8.159488637403955
lähemale;1;no;29356;3786;932062935;8.158949845031863
vastuvõtt;2;no;60050;3786;932062935;8.089354247829812
ennekõike;1;no;29795;3786;932062935;8.042382277557358
nuga;1;no;29840;3786;932062935;8.03062137601317
treening;3;no;93321;3786;932062935;7.845816467624812
loetelu;1;no;30697;3786;932062935;7.813029013780157
kannatama;3;no;94432;3786;932062935;7.75441199273921
oletama;1;no;30965;3786;932062935;7.747383729135612
valesti;2;no;63909;3786;932062935;7.607918308482726
tihtipeale;1;no;31582;3786;932062935;7.600366244103586
akadeemiline;1;no;32244;3786;932062935;7.448707427219426
vastutav;1;no;32323;3786;932062935;7.431012440807867
London;2;no;65725;3786;932062935;7.40064875534209
kursus;3;no;99779;3786;932062935;7.342711036391076
nimeline;1;no;32903;3786;932062935;7.303630168046961
juhatama;1;no;33040;3786;932062935;7.274176633390061
kirjalik;1;no;33298;3786;932062935;7.21934946070918
roll;6;no;209164;3786;932062935;7.0351266131116645
kõikjal;1;no;34391;3786;932062935;6.995961444356371
suhtumine;2;no;69768;3786;932062935;6.977440887120578
teistmoodi;1;no;34506;3786;932062935;6.973258861329283
usk;2;no;70442;3786;932062935;6.91155147345217
looming;2;no;70552;3786;932062935;6.900915946722653
veenduma;2;no;70594;3786;932062935;6.896863738927771
Georg;1;no;35054;3786;932062935;6.867069255011115
hirmus;1;no;35092;3786;932062935;6.859825523726244
esitus;1;no;35162;3786;932062935;6.846521735024885
režiim;1;no;35385;3786;932062935;6.804481596766921
klass;7;no;252821;3786;932062935;6.794949023178911
kolleeg;2;no;72288;3786;932062935;6.737299724565816
kilo;1;no;35755;3786;932062935;6.735856365162407
ühtlane;1;no;35837;3786;932062935;6.72083449139533
julgelt;1;no;36031;3786;932062935;6.685560307174624
mäletama;4;no;147820;3786;932062935;6.626321257709516
vaikselt;2;no;73642;3786;932062935;6.614974301113787
ükskord;1;no;36829;3786;932062935;6.544275165537884
hingama;1;no;36945;3786;932062935;6.524233064583405
langetama;1;no;37069;3786;932062935;6.502944057447154
täiskasvanud;1;no;37453;3786;932062935;6.437889311482865
eksam;1;no;37462;3786;932062935;6.436380197849815
graafik;1;no;37480;3786;932062935;6.43336409210831
perspektiiv;1;no;37568;3786;932062935;6.418659283935365
kahtlema;1;no;37926;3786;932062935;6.359524065911433
avanema;2;no;77023;3786;932062935;6.328075320213545
olemine;2;no;77526;3786;932062935;6.287505597141176
mõistmine;1;no;39074;3786;932062935;6.177033385948043
halvasti;1;no;39706;3786;932062935;6.0809686422577895
tunnustus;1;no;39724;3786;932062935;6.078276363968679
nõudmine;1;no;40077;3786;932062935;6.025955452372093
valmistuma;1;no;40291;3786;932062935;5.994673097908501
sugulane;1;no;40776;3786;932062935;5.924964359408306
õppejõud;1;no;41241;3786;932062935;5.8596357293448165
uskuma;8;no;337650;3786;932062935;5.819640395279727
õigustama;1;no;41542;3786;932062935;5.818110378750692
tajuma;1;no;41691;3786;932062935;5.79777166100636
Jaan;2;no;84242;3786;932062935;5.791733925163696
kahtlemata;1;no;42482;3786;932062935;5.692136825798186
saal;2;no;85824;3786;932062935;5.686121443918739
ülemine;1;no;43149;3786;932062935;5.606007884932904
lähenema;1;no;43961;3786;932062935;5.504609626383328
no;7;no;315405;3786;932062935;5.450638983371754
iseseisev;1;no;44736;3786;932062935;5.411194837441676
tohutu;1;no;44960;3786;932062935;5.384782696298584
toitumine;1;no;45002;3786;932062935;5.379859098018923
nagunii;1;no;45006;3786;932062935;5.379390653443397
saatus;1;no;45402;3786;932062935;5.333415002619251
aktiivselt;1;no;45713;3786;932062935;5.29785513922865
äär;1;no;45809;3786;932062935;5.286974041080043
esinema;4;no;186435;3786;932062935;5.2606842489508345
karm;1;no;46375;3786;932062935;5.223718638575709
rõõm;3;no;141032;3786;932062935;5.209010069246091
las;1;no;46598;3786;932062935;5.199210165738308
paber;2;no;94048;3786;932062935;5.193779563846602
eksima;1;no;47446;3786;932062935;5.108075259686575
mängimine;1;no;47460;3786;932062935;5.106597474915719
arust;1;no;47573;3786;932062935;5.094700871143887
naljakas;1;no;47995;3786;932062935;5.050758651058472
üldse;9;no;442326;3786;932062935;5.000727024233624
tuttav;3;no;147698;3786;932062935;4.975388011662897
mälu;1;no;49091;3786;932062935;4.940097065046574
tuntud;3;no;150304;3786;932062935;4.889655409882816
aeg-ajalt;1;no;50215;3786;932062935;4.831534250634944
suhtuma;1;no;50628;3786;932062935;4.792833296215479
Eestimaa;1;no;50928;3786;932062935;4.765107722672176
erand;1;no;51448;3786;932062935;4.717802395474223
rõõmus;1;no;51893;3786;932062935;4.678059478961861
võimeline;1;no;52297;3786;932062935;4.642553762248258
tunnustama;1;no;52363;3786;932062935;4.636804476452648
teooria;1;no;52589;3786;932062935;4.61722493609578
kordama;1;no;53197;3786;932062935;4.565362357862765
ajama;5;no;269064;3786;932062935;4.562532011830604
tõeliselt;1;no;54108;3786;932062935;4.489798397971864
Nõukogu;1;no;54600;3786;932062935;4.450019922348012
üliõpilane;1;no;55258;3786;932062935;4.397909051564823
tihti;3;no;167348;3786;932062935;4.394413814696145
kasu;3;no;169017;3786;932062935;4.351258080089165
kaaslane;1;no;56094;3786;932062935;4.333435865483242
vägi;1;no;56127;3786;932062935;4.330929631132288
transport;1;no;56212;3786;932062935;4.324487509243529
võistlema;1;no;56425;3786;932062935;4.308428182068552
kiitma;2;no;114079;3786;932062935;4.28920051041929
rõdu;1;no;57057;3786;932062935;4.261472317061396
vestlus;1;no;57622;3786;932062935;4.220352508487011
tähele;1;no;57655;3786;932062935;4.2179753346571065
automaatselt;1;no;57662;3786;932062935;4.217471429895025
kohtumine;4;no;234916;3786;932062935;4.179296384664345
usaldama;1;no;58212;3786;932062935;4.1782517826247405
mõistus;1;no;58898;3786;932062935;4.130344750904006
peatuma;1;no;59203;3786;932062935;4.109395988442621
sisemine;1;no;59622;3786;932062935;4.0809612833922655
vanus;2;no;121354;3786;932062935;4.034028882808002
teadlik;1;no;60433;3786;932062935;4.02702734374428
soov;5;no;307869;3786;932062935;3.989188600909918
kurss;1;no;61375;3786;932062935;3.966144041288432
lihtsalt;12;no;748671;3786;932062935;3.942316794734407
kohtunik;1;no;61964;3786;932062935;3.929002466262773
kogunema;1;no;62007;3786;932062935;3.926318169767546
Mart;1;no;62459;3786;932062935;3.898322175844007
kergem;1;no;62475;3786;932062935;3.897338481726564
lavastus;1;no;62709;3786;932062935;3.883008469582432
vaatamine;1;no;63244;3786;932062935;3.850637996290378
eri;2;no;128187;3786;932062935;3.820547474798533
periood;2;no;129071;3786;932062935;3.7945683640647303
järjest;2;no;131504;3786;932062935;3.724857859046919
etendus;1;no;65444;3786;932062935;3.723010607481033
lõpetamine;1;no;65673;3786;932062935;3.710210237786236
kava;2;no;132054;3786;932062935;3.7094526972031767
täpselt;4;no;264891;3786;932062935;3.7080264814921495
tugevam;1;no;65733;3786;932062935;3.706870968242844
natukene;1;no;65888;3786;932062935;3.698272278345821
sild;1;no;66017;3786;932062935;3.691146306704219
äge;1;no;66846;3786;932062935;3.645999541574736
jutt;5;no;337829;3786;932062935;3.636385095548992
puudumine;1;no;67276;3786;932062935;3.623014285354057
unistus;1;no;68607;3786;932062935;3.553668628247436
tagasiside;1;no;69340;3786;932062935;3.516600709707535
joon;1;no;69525;3786;932062935;3.507367126810444
otsene;1;no;69710;3786;932062935;3.4981819063978272
Andres;1;no;69897;3786;932062935;3.4889461493598337
film;5;no;352457;3786;932062935;3.485862493813933
serv;1;no;70030;3786;932062935;3.482407023823279
esitama;5;no;354189;3786;932062935;3.468861210394169
Moskva;1;no;70972;3786;932062935;3.4367847420976
kindlalt;1;no;71176;3786;932062935;3.4270617782728765
tulevane;1;no;71204;3786;932062935;3.425731545849766
tõsiselt;1;no;71389;3786;932062935;3.416968395665541
puudus;1;no;72014;3786;932062935;3.387691897916869
sõltuma;2;no;145077;3786;932062935;3.378595136003823
kõrge;3;no;220323;3786;932062935;3.342261295583314
kauplus;1;no;73132;3786;932062935;3.336554552870123
kartma;2;no;147084;3786;932062935;3.332783618635351
tähendama;6;no;444609;3786;932062935;3.317432503139749
tark;1;no;74107;3786;932062935;3.2932019234287573
eriala;1;no;74160;3786;932062935;3.290877580547236
õnnetus;1;no;75137;3786;932062935;3.2486108919337324
nimi;7;no;536165;3786;932062935;3.210293345669448
märkama;2;no;153187;3786;932062935;3.200807871851126
täht;1;no;77823;3786;932062935;3.1378146011233783
Rakvere;1;no;77886;3786;932062935;3.1353065171574754
kõvasti;1;no;78015;3786;932062935;3.130183406484615
öö;2;no;157190;3786;932062935;3.1197765870753447
naerma;1;no;78841;3786;932062935;3.097772321857427
kaduma;3;no;240644;3786;932062935;3.06111551084626
publik;1;no;79871;3786;932062935;3.058284889381261
lausa;2;no;160462;3786;932062935;3.056528232041234
kevad;2;no;161236;3786;932062935;3.0419399536294227
täiendav;1;no;80683;3786;932062935;3.027857573137502
vabadus;1;no;81906;3786;932062935;2.983155057400831
aru;5;no;417387;3786;932062935;2.944799291636824
äärmiselt;1;no;83662;3786;932062935;2.921230850204152
võõras;1;no;84151;3786;932062935;2.9044415876121232
õpetaja;4;no;339940;3786;932062935;2.8916390163141377
loomulikult;2;no;169880;3786;932062935;2.888001592910843
uni;1;no;84999;3786;932062935;2.8757794672778485
laulma;1;no;85836;3786;932062935;2.848038529740557
järgnema;1;no;86620;3786;932062935;2.822535279075016
raskus;1;no;86870;3786;932062935;2.8144986362424764
lähemalt;1;no;87022;3786;932062935;2.80963469046859
loomine;2;no;177058;3786;932062935;2.771533993023065
halb;2;no;177187;3786;932062935;2.769526752028144
raske;4;no;359916;3786;932062935;2.7315622778662
vastama;4;no;364411;3786;932062935;2.6979544892294878
aastane;1;no;91693;3786;932062935;2.66794729805744
võitlema;1;no;91700;3786;932062935;2.6677456871843286
Leedu;1;no;91860;3786;932062935;2.663145732226452
rääkima;12;no;1111753;3786;932062935;2.655893246735924
rakendus;1;no;93116;3786;932062935;2.627579757390923
kunstnik;1;no;93493;3786;932062935;2.6170889243668745
töö;13;no;1225560;3786;932062935;2.6101754463758797
lootus;1;no;94316;3786;932062935;2.5944757171437125
jälgima;2;no;189257;3786;932062935;2.5937638170774404
tunduma;5;no;476788;3786;932062935;2.578635011979347
armas;1;no;95137;3786;932062935;2.5723034954242587
risk;1;no;95215;3786;932062935;2.5702166956144845
Jüri;1;no;95487;3786;932062935;2.562966065708669
puutuma;1;no;95634;3786;932062935;2.559064529286782
kaaluma;1;no;96321;3786;932062935;2.5409871826350368
vorm;2;no;194387;3786;932062935;2.5256393432976574
huvitav;3;no;292581;3786;932062935;2.519452544649657
tõsine;1;no;97663;3786;932062935;2.5064012236875355
vähe;2;no;199406;3786;932062935;2.462365376891564
ekraan;1;no;99900;3786;932062935;2.4507957012556147
kindlasti;6;no;602222;3786;932062935;2.4505387503678087
suur;16;no;1616990;3786;932062935;2.435172699892049
kuulama;2;no;202795;3786;932062935;2.4214039251233817
ammu;1;no;101184;3786;932062935;2.419979573117035
sattuma;2;no;202967;3786;932062935;2.4193613386145163
korralikult;1;no;101830;3786;932062935;2.4047666943601884
kunst;1;no;102435;3786;932062935;2.390691767504592
tegelema;3;no;308940;3786;932062935;2.386443702911739
mõistlik;1;no;102775;3786;932062935;2.382853967667748
number;2;no;207888;3786;932062935;2.3623472903473823
rakendama;1;no;104055;3786;932062935;2.35380226364491
pikkus;1;no;104148;3786;932062935;2.351719055808858
lõpetama;3;no;317669;3786;932062935;2.321060157449536
kasulik;1;no;106185;3786;932062935;2.306997406564334
astuma;2;no;216142;3786;932062935;2.2725216600031164
korraga;1;no;108080;3786;932062935;2.266893954086363
jooma;1;no;108889;3786;932062935;2.250194814960917
sõber;3;no;328431;3786;932062935;2.24521908045724
külaline;1;no;110077;3786;932062935;2.2261136150165592
vana;4;no;443780;3786;932062935;2.216443040130448
külastama;1;no;110645;3786;932062935;2.2147812452618005
vanem;3;no;334322;3786;932062935;2.205766655967047
neljas;1;no;111465;3786;932062935;2.1986231662720943
mood;1;no;113280;3786;932062935;2.163683765439672
tükk;1;no;113598;3786;932062935;2.1576761599273944
kodu;6;no;689127;3786;932062935;2.1419215876644846
ring;1;no;114583;3786;932062935;2.1392775981854992
inglise;1;no;115537;3786;932062935;2.121754740378976
kool;5;no;581408;3786;932062935;2.115371685060705
tõeline;1;no;117218;3786;932062935;2.091567116014025
käima;9;no;1068258;3786;932062935;2.073169823467821
vend;1;no;118275;3786;932062935;2.0730213487818245
mõte;5;no;596277;3786;932062935;2.0627042633196675
tõenäoliselt;1;no;119865;3786;932062935;2.0457350566777137
vaatama;10;no;1204574;3786;932062935;2.042958864501479
vale;1;no;120757;3786;932062935;2.0307394964642933
vedama;1;no;120954;3786;932062935;2.027457286249522
täitsa;1;no;121392;3786;932062935;2.0201976656150347
täielik;1;no;122017;3786;932062935;2.00992818074977
töötama;4;no;495634;3786;932062935;1.984990578954161
keerama;1;no;124737;3786;932062935;1.9664249944924883
järgnev;1;no;125183;3786;932062935;1.9594708248070192
tugev;2;no;251196;3786;932062935;1.9565672464308108
kirjeldus;1;no;125395;3786;932062935;1.95618247308564
normaalne;1;no;125424;3786;932062935;1.9557335093366768
õnn;2;no;253525;3786;932062935;1.9386591362593852
valitud;1;no;127804;3786;932062935;1.91957700706294
õpetama;1;no;128636;3786;932062935;1.9072507591149597
esimene;11;no;1420248;3786;932062935;1.906152564048508
näiteks;2;no;259375;3786;932062935;1.8950907604372151
meel;3;no;390199;3786;932062935;1.8906507392955207
tekkima;4;no;521616;3786;932062935;1.8862933893928595
pikk;3;no;395543;3786;932062935;1.8651670746332327
pöörduma;1;no;132658;3786;932062935;1.8498291037565608
seisma;2;no;266132;3786;932062935;1.847142982935639
saade;1;no;133711;3786;932062935;1.8353621865326408
tänav;2;no;271552;3786;932062935;1.8104013296452612
hea;12;no;1639322;3786;932062935;1.801655494213588
väitma;1;no;138121;3786;932062935;1.7771545708802443
ilmuma;1;no;138432;3786;932062935;1.7731887344952826
selge;2;no;277414;3786;932062935;1.7722740700660278
kujutama;1;no;141206;3786;932062935;1.7385827644410874
kultuur;1;no;142835;3786;932062935;1.7188831805067963
jätkuma;1;no;142945;3786;932062935;1.7175690228085594
sõna;6;no;862366;3786;932062935;1.7120997568776983
püüdma;2;no;287450;3786;932062935;1.710597062882708
mõtlema;6;no;868014;3786;932062935;1.7009714028413343
võim;1;no;144451;3786;932062935;1.6997769987850584
jõudma;6;no;869599;3786;932062935;1.6978743971303452
riiklik;1;no;144862;3786;932062935;1.6949852512170376
suund;1;no;146215;3786;932062935;1.6794000604619244
meeter;1;no;147310;3786;932062935;1.6669950586034965
antud;2;no;296495;3786;932062935;1.658576408537762
meenutama;1;no;149617;3786;932062935;1.641450179577191
eriti;4;no;605323;3786;932062935;1.625848618867558
määrama;1;no;153466;3786;932062935;1.6005303544116876
sündmus;1;no;155489;3786;932062935;1.5798306299230465
külm;1;no;156041;3786;932062935;1.5742751129992376
proovima;2;no;314028;3786;932062935;1.5662478132869602
õpilane;2;no;315105;3786;932062935;1.5609103098965524
tundma;4;no;633300;3786;932062935;1.5541298120327809
avastama;1;no;158103;3786;932062935;1.553863543229047
laul;1;no;158659;3786;932062935;1.5484500312557157
kasvama;2;no;318848;3786;932062935;1.542639979856839
vastane;1;no;159495;3786;932062935;1.540380917463772
tähtis;1;no;159720;3786;932062935;1.5382235489239755
tund;3;no;482079;3786;932062935;1.5310047534025448
magama;1;no;160493;3786;932062935;1.5308576121747544
punane;1;no;162642;3786;932062935;1.5107455421464466
kord;8;no;1304710;3786;932062935;1.5091623550671132
protsess;1;no;162815;3786;932062935;1.5091494281514428
huvi;2;no;327194;3786;932062935;1.5034023979448057
nimelt;1;no;163533;3786;932062935;1.5025609815228662
Tallinn;5;no;819246;3786;932062935;1.5019490716454271
kontrollima;1;no;163669;3786;932062935;1.5013195053753654
uudis;1;no;165123;3786;932062935;1.4881737540671365
hulk;1;no;165534;3786;932062935;1.4844994951693309
ilmselt;2;no;335183;3786;932062935;1.467668558311728
inimene;15;no;2519709;3786;932062935;1.4653942479444384
ühine;1;no;170785;3786;932062935;1.4391044324079512
masin;1;no;172032;3786;932062935;1.4287290793041845
langema;1;no;172488;3786;932062935;1.424972302555655
keeruline;1;no;172672;3786;932062935;1.423461998595958
ütlema;10;no;1762423;3786;932062935;1.3966553584416246
mure;1;no;176310;3786;932062935;1.3942445844836475
õppima;2;no;353366;3786;932062935;1.3923460539358623
tekst;1;no;179581;3786;932062935;1.3689800747484813
saamine;1;no;179808;3786;932062935;1.3672607078747423
hiljem;2;no;361314;3786;932062935;1.3617967462442344
noor;3;no;546822;3786;932062935;1.3500442686579464
algus;3;no;553351;3786;932062935;1.3341418541345904
maa;2;no;369601;3786;932062935;1.33134005893343
teadma;8;no;1482699;3786;932062935;1.3281104041294909
pääsema;1;no;185619;3786;932062935;1.324671017693087
eriline;1;no;186814;3786;932062935;1.3162395127049302
keel;3;no;560971;3786;932062935;1.3160494791341686
saar;1;no;187426;3786;932062935;1.3119628782501929
võimalik;5;no;939996;3786;932062935;1.3092028272242808
lugema;4;no;754112;3786;932062935;1.305458853517519
paik;1;no;189335;3786;932062935;1.2987996060792484
hästi;3;no;574210;3786;932062935;1.285755782711853
mõjutama;1;no;192266;3786;932062935;1.2790955697779165
arvamus;1;no;193465;3786;932062935;1.2712063786296093
ülikool;1;no;193589;3786;932062935;1.270396031469401
tulemus;3;no;581795;3786;932062935;1.2690198899891958
hääl;1;no;194777;3786;932062935;1.2626844290389765
tavaline;1;no;197660;3786;932062935;1.2443537910712803
õige;2;no;397744;3786;932062935;1.237359239009781
jõud;1;no;199755;3786;932062935;1.2313638097831558
otsima;2;no;400788;3786;932062935;1.227983253414172
klubi;1;no;200950;3786;932062935;1.22407500100392
parem;3;no;620182;3786;932062935;1.1905900661870688
soe;1;no;207519;3786;932062935;1.1855002460068582
tahtma;6;no;1254286;3786;932062935;1.1775263974515804
nädal;3;no;629821;3786;932062935;1.172395786488169
loom;1;no;212901;3786;932062935;1.1556621927309323
teadmine;1;no;213932;3786;932062935;1.1501168832714068
paremini;1;no;214337;3786;932062935;1.1479530919147938
poiss;1;no;215623;3786;932062935;1.141136037368969
saavutama;1;no;218470;3786;932062935;1.126328454181604
suurim;1;no;222206;3786;932062935;1.1074703398398646
väiksem;1;no;223864;3786;932062935;1.0993021103812135
eesti;2;no;457012;3786;932062935;1.077217830236804
muutuma;2;no;460296;3786;932062935;1.0695479080469303
Liit;1;no;231191;3786;932062935;1.0646024710566253
suhe;1;no;234471;3786;932062935;1.0497687808678535
meeldima;2;no;469613;3786;932062935;1.0483703872434662
avama;1;no;239192;3786;932062935;1.029129623117892
idee;1;no;240114;3786;932062935;1.0251932073931909
viimane;4;no;960645;3786;932062935;1.0250649633278155
taas;1;no;242775;3786;932062935;1.0139992801757391
olukord;2;no;489352;3786;932062935;1.0061626455724049
võit;1;no;244957;3786;932062935;1.0050011311611635
nõudma;1;no;245266;3786;932062935;1.00373976725835
tore;1;no;248583;3786;932062935;0.9903962649910614
võrdlema;1;no;254702;3786;932062935;0.9666895857015284
maksma;2;no;520682;3786;932062935;0.9457289304451508
täitma;1;no;261751;3786;932062935;0.9407488386526932
suvi;1;no;261885;3786;932062935;0.9402691881194604
silm;2;no;537359;3786;932062935;0.9164289430237764
küla;1;no;269054;3786;932062935;0.9153020111609546
märkima;1;no;271560;3786;932062935;0.9068843463847278
uurima;1;no;275215;3786;932062935;0.8948810961933021
tohtima;1;no;277697;3786;932062935;0.8869095843296243
viima;2;no;561985;3786;932062935;0.8763378165739294
jääma;6;no;1700272;3786;932062935;0.8688272241214811
kuulma;1;no;283532;3786;932062935;0.8687170668946685
asi;5;no;1422865;3786;932062935;0.8651975146442663
lõpuks;1;no;285373;3786;932062935;0.8631310388176303
arv;1;no;293565;3786;932062935;0.8391213953952963
vastus;1;no;294600;3786;932062935;0.8361826596262939
plaan;1;no;296908;3786;932062935;0.8297029753306366
võimalus;3;no;896364;3786;932062935;0.8241340443205193
täna;2;no;614088;3786;932062935;0.8020966137112887
liikuma;1;no;310429;3786;932062935;0.7936727349926291
vajama;1;no;311350;3786;932062935;0.7913319902759518
ema;1;no;311624;3786;932062935;0.7906382748403925
valmis;1;no;313140;3786;932062935;0.7868219289564032
ilus;1;no;314556;3786;932062935;0.7832904487443236
ajal;1;no;317252;3786;932062935;0.7766535636962938
juhtuma;1;no;321293;3786;932062935;0.7669136104402995
õhtu;1;no;322860;3786;932062935;0.7632021123366503
kuuluma;1;no;324317;3786;932062935;0.7597832386045014
suurem;2;no;677819;3786;932062935;0.7267841433817513
panema;4;no;1364289;3786;932062935;0.7219921985640092
terve;1;no;341956;3786;932062935;0.7206981318468323
varem;1;no;344486;3786;932062935;0.7154194088464211
käsi;2;no;694904;3786;932062935;0.7089392690627881
mees;3;no;1070078;3786;932062935;0.6904624511864935
nägema;4;no;1467770;3786;932062935;0.6711224703971546
tagama;1;no;369767;3786;932062935;0.6666291099666591
vajadus;1;no;372963;3786;932062935;0.6609308623922485
kindel;1;no;379090;3786;932062935;0.6502748405744575
saatma;1;no;381468;3786;932062935;0.6462310296006374
arvama;2;no;778296;3786;932062935;0.6330694867258865
õige;1;no;397744;3786;932062935;0.6198485672066139
põhjus;1;no;400878;3786;932062935;0.6150139311712794
looma;1;no;409759;3786;932062935;0.6017145457799871
juht;2;no;823361;3786;932062935;0.5984588880175581
alustama;1;no;424959;3786;932062935;0.5802394271596846
leidma;3;no;1279610;3786;932062935;0.5774837505958891
võtma;5;no;2139597;3786;932062935;0.5754958909644925
oskama;1;no;442667;3786;932062935;0.5570768900069647
küsima;1;no;448244;3786;932062935;0.5501601861308313
artikkel;1;no;448368;3786;932062935;0.5500083502672113
laskma;1;no;478673;3786;932062935;0.5152547491420564
osa;2;no;998668;3786;932062935;0.4935028799380386
laps;3;no;1505088;3786;932062935;0.4910241579772482
sõitma;1;no;521363;3786;932062935;0.4731401920614893
kuu;1;no;540164;3786;932062935;0.4567003963204203
lõpp;1;no;547561;3786;932062935;0.4505413159967691
elama;1;no;568247;3786;932062935;0.4341670354414537
parim;1;no;577297;3786;932062935;0.4273717843504742
soovima;1;no;580290;3786;932062935;0.4251710355624777
Tartu;1;no;584074;3786;932062935;0.4224208979134818
ootama;1;no;587221;3786;932062935;0.4201606723880039
tegemine;1;no;590180;3786;932062935;0.418057424108104
hind;1;no;604674;3786;932062935;0.4080520350014345
suutma;1;no;607518;3786;932062935;0.4061447297709179
aeg;4;no;2435622;3786;932062935;0.4045381022931274
uus;3;no;1922794;3786;932062935;0.3844062039536277
hetk;1;no;667812;3786;932062935;0.369526699504849
väike;1;no;690514;3786;932062935;0.3573941622299239
vaja;1;no;695844;3786;932062935;0.3546602696839293
aitama;1;no;740996;3786;932062935;0.3330764783478523
näide;1;no;796083;3786;932062935;0.3100553526301261
aasta;5;no;4045959;3786;932062935;0.3043980332190508
andma;2;no;1683851;3786;932062935;0.2928006107713935
pakkuma;1;no;862364;3786;932062935;0.2862503340391578
toimuma;1;no;894727;3786;932062935;0.2759072024348706
erinev;1;no;934036;3786;932062935;0.2643071952790472
elu;1;no;946740;3786;932062935;0.2607640301482468
koht;1;no;1148987;3786;932062935;0.2149010259549042
Eesti;2;no;2594139;3786;932062935;0.1900932567475603
päev;1;no;1360298;3786;932062935;0.1815407939617579
kasutama;1;no;1455497;3786;932062935;0.1696744405057662
suur;1;no;1616990;3786;932062935;0.1527383747654361
