word;upos;ner tag;fc_count;stopword;rfc_count;fcTotalCount;rfcTotalCount;simpleMathsScore
Glooria;PROPN;O;10;no;1;1873;932062911;5334.305179754764
Stefan;PROPN;O;12;no;5451;1873;932062911;935.6800103202102
,;PUNCT;O;73;no;1;1873;932062911;38934.13456416608
Kuuba;PROPN;O;9;no;7532;1873;932062911;529.250708632525
Ameerika;PROPN;O;6;no;79474;1873;932062911;37.14543541301057
päritolu;NOUN;O;2;no;45326;1873;932062911;21.535577831746608
laulja;NOUN;O;2;no;25682;1873;932062911;37.43111743205241
ja;CCONJ;O;58;yes;1;1873;932062911;30934.175186925288
laulukirjutaja;NOUN;O;2;no;1867;1873;932062911;355.9027238190116
kes;PRON;O;8;yes;1;1873;932062911;4267.643929455991
edestas;VERB;O;1;no;7225;1873;932062911;61.12041723571989
latiinopopi;NOUN;O;1;no;1;1873;932062911;534.3295534102907
suurt;ADJ;O;1;no;1;1873;932062911;534.3295534102907
tulemist;NOUN;O;1;no;3258;1873;932062911;118.98701740956646
tervelt;ADV;O;2;no;18697;1873;932062911;50.75097668607557
kümnendi;NOUN;O;1;no;7616;1873;932062911;58.32468639143545
võrra;ADP;O;1;yes;106884;1873;932062911;4.624200467697375
rajades;VERB;O;1;no;981;1873;932062911;260.60987627308396
paljudele;PRON;O;1;no;43211;1873;932062911;11.294256801879033
Ladina-Ameerika;PROPN;O;3;no;3674;1873;932062911;324.3171377936499
artistidele;NOUN;O;1;no;971;1873;932062911;261.9792996104141
tee;NOUN;O;1;yes;1;1873;932062911;534.3295534102907
muusikamaailmakaardile;NOUN;O;1;no;1;1873;932062911;534.3295534102907
.;PUNCT;O;114;no;1;1873;932062911;60800.6901952909
Gloria;PROPN;O;5;no;1881;1873;932062911;884.8316833990916
kuulub;VERB;O;1;no;124129;1873;932062911;3.9865572619764107
eksimatult;ADV;O;1;no;1322;1873;932062911;221.18419415239464
selle;PRON;O;5;yes;2;1873;932062911;2664.7960878597382
ilma;ADP;O;1;yes;1;1873;932062911;534.3295534102907
superstaaride;NOUN;O;1;no;269;1873;932062911;415.1015604363591
ridadesse;NOUN;O;1;no;7733;1873;932062911;57.53715739390964
tema;PRON;O;15;yes;1;1873;932062911;8000.958305501694
nime;NOUN;O;3;no;1;1873;932062911;1600.9908037090624
võib;AUX;O;1;yes;1;1873;932062911;534.3295534102907
leida;VERB;O;1;no;273896;1873;932062911;1.8140909019898375
100;NUM;O;1;no;1;1873;932062911;534.3295534102907
enim;NOUN;O;1;yes;53769;1873;932062911;9.11432177011826
müünud;ADJ;O;1;no;8174;1873;932062911;54.75067473299338
artisti;NOUN;O;1;no;4904;1873;932062911;85.42798392365304
edetabelist;NOUN;O;1;no;508;1873;932062911;346.20924178383746
teda;PRON;O;2;yes;378606;1873;932062911;2.624754172282517
peetakse;VERB;O;1;yes;84318;1873;932062911;5.848243057120432
esimeseks;ADJ;O;1;no;28572;1873;932062911;16.898116372726975
edukaks;ADJ;O;2;no;12480;1873;932062911;74.27597982325567
crossover;NOUN;O;1;no;305;1873;932062911;403.02161200137687
artistiks;NOUN;O;1;no;357;1873;932062911;386.7639696122913
lõhkus;VERB;O;1;no;3877;1873;932062911;103.67156715665928
latiino;NOUN;O;2;no;357;1873;932062911;772.8048845908278
popmuusika;NOUN;O;1;no;2275;1873;932062911;155.4578448799054
piire;NOUN;O;1;no;20781;1873;932062911;22.961435269722358
ehk;CCONJ;O;3;yes;1;1873;932062911;1600.9908037090624
ristitud;ADJ;O;1;no;3360;1873;932062911;116.15931520029292
imega;NOUN;O;1;no;431;1873;932062911;365.76674819254606
glooria;NOUN;O;24;no;8;1873;932062911;12705.614207523033
Maria;PROPN;O;1;no;1;1873;932062911;534.3295534102907
mille;PRON;O;2;yes;1;1873;932062911;1067.6601785596765
krossafachardogarssija;NOUN;O;1;no;1;1873;932062911;534.3295534102907
sündis;VERB;O;6;no;62245;1873;932062911;47.275357211248036
1957.;ADJ;O;1;no;1;1873;932062911;534.3295534102907
aastal;NOUN;O;13;no;1128701;1873;932062911;5.727643434402669
Kuubas;PROPN;O;3;no;472;1873;932062911;1063.9303467741893
Havannas;PROPN;O;1;no;479;1873;932062911;353.3244936506845
temast;PRON;O;1;yes;70643;1873;932062911;6.965597629418419
ta;PRON;O;15;yes;1;1873;932062911;8000.958305501694
perest;NOUN;O;1;no;8271;1873;932062911;54.173604305412944
said;VERB;O;1;yes;221504;1873;932062911;2.2413770591588755
põgenikud;NOUN;O;1;no;3106;1873;932062911;123.46590420377326
kasvas;VERB;O;1;no;47525;1873;932062911;10.28875995753262
põhiliselt;ADV;O;1;no;30462;1873;932062911;15.880808099025849
üles;ADV;O;2;yes;1;1873;932062911;1067.6601785596765
Miamis;PROPN;O;2;no;1532;1873;932062911;404.2892369827451
kuigi;SCONJ;O;2;yes;497733;1873;932062911;1.997721894432113
elas;VERB;O;1;no;43773;1873;932062911;11.152273502687786
tihti;ADV;O;4;no;167105;1873;932062911;11.851291202793208
ka;ADV;O;28;yes;3;1873;932062911;14902.31364815239
oma;PRON;O;15;yes;1;1873;932062911;8000.958305501694
perega;NOUN;O;2;no;32119;1873;932062911;30.1410613282915
eriarmeeüksustes;NOUN;O;1;no;1;1873;932062911;534.3295534102907
kus;ADV;O;5;yes;1;1873;932062911;2667.652054007834
isa;NOUN;O;5;no;1;1873;932062911;2667.652054007834
teenis;VERB;O;2;no;37961;1873;932062911;25.613670912092687
ema;NOUN;O;2;no;219976;1873;932062911;4.509541666512285
karsija;NOUN;O;1;no;1;1873;932062911;534.3295534102907
pereside;NOUN;O;1;no;9;1873;932062911;529.7872041397834
Fachardo;PROPN;O;1;no;1;1873;932062911;534.3295534102907
oli;AUX;O;13;yes;1;1873;932062911;6934.297055202922
lasteaia;NOUN;O;1;no;33992;1873;932062911;14.275632529034983
juhataja;NOUN;O;1;no;93011;1873;932062911;5.307077213467754
pisike;ADJ;O;1;no;1;1873;932062911;534.3295534102907
kõigest;ADV;O;1;yes;1;1873;932062911;534.3295534102907
16;NUM;O;1;no;1;1873;932062911;534.3295534102907
kuune;NOUN;O;1;no;3122;1873;932062911;122.97862649974448
kui;SCONJ;O;9;yes;1;1873;932062911;4800.974554605378
emaga;NOUN;O;1;no;13091;1873;932062911;35.55308078574274
põgenes;VERB;O;1;no;8422;1873;932062911;53.2990950864833
revolutsiooni;NOUN;O;1;no;9416;1873;932062911;48.17936388929012
alust;NOUN;O;1;no;18708;1873;932062911;25.385004661013625
Miamisse;PROPN;O;1;no;402;1873;932062911;373.7178242700848
nagu;SCONJ;O;2;yes;1;1873;932062911;1067.6601785596765
enamus;NOUN;O;1;no;92910;1873;932062911;5.312789095559142
põgenike;NOUN;O;1;no;5950;1873;932062911;72.44384350823843
on;AUX;O;12;yes;1;1873;932062911;6400.966430053536
tulihingeline;ADJ;O;1;no;1167;1873;932062911;237.51698242375159
kommunismi;NOUN;O;1;no;3952;1873;932062911;102.07957956795774
eriti;ADV;O;1;no;3;1873;932062911;533.1866793916028
Castro;PROPN;O;3;no;1563;1873;932062911;598.7124145075345
režiimi;NOUN;O;1;no;12829;1873;932062911;36.22998396001852
vastane;NOUN;O;1;no;29034;1873;932062911;16.63759066444869
Stefani;PROPN;O;12;no;959;1873;932062911;3158.2790480940434
Hosseefachardo;PROPN;O;1;no;1;1873;932062911;534.3295534102907
saatus;NOUN;O;1;no;18291;1873;932062911;25.935673770959955
aga;ADV;O;3;yes;1;1873;932062911;1600.9908037090624
täis;ADV;O;1;no;213770;1873;932062911;2.322115967488417
veelgi;ADV;O;3;yes;149575;1873;932062911;9.925282647209439
keerulisemaid;ADJ;O;1;no;2521;1873;932062911;144.38285701373246
pöördeid;NOUN;O;1;no;5132;1873;932062911;82.21601521217065
töötas;VERB;O;1;no;64414;1873;932062911;7.629581130501596
viiekümnendatel;ADJ;O;1;no;396;1873;932062911;375.4062284315504
endise;ADJ;O;1;no;1;1873;932062911;534.3295534102907
presidendi;NOUN;O;1;no;66672;1873;932062911;7.374750378460073
Fulgence;PROPN;O;1;no;1;1873;932062911;534.3295534102907
Batista;PROPN;O;1;no;189;1873;932062911;444.7235597988094
teenistuses;NOUN;O;1;no;6676;1873;932062911;65.53088405952796
turvamehena;NOUN;O;1;no;180;1873;932062911;448.3227375059322
ning;CCONJ;O;14;yes;5765046;1873;932062911;1.2084274941164048
vangistati;VERB;O;1;no;1135;1873;932062911;241.1939597412359
Fidel;PROPN;O;1;no;720;1873;932062911;301.782144746869
vägede;NOUN;O;1;no;11644;1873;932062911;39.64381317639989
poolt;ADP;O;4;yes;1;1873;932062911;2134.321428858448
viimased;NOUN;O;1;no;87284;1873;932062911;5.651613460026315
vallutasid;VERB;O;1;no;3224;1873;932062911;119.96042870736414
presidendilossi;NOUN;O;1;no;307;1873;932062911;402.3710855294383
59.;ADJ;O;1;no;1;1873;932062911;534.3295534102907
mõned;DET;O;3;yes;1;1873;932062911;1600.9908037090624
kuud;NOUN;O;2;no;144637;1873;932062911;6.843446637935275
hiljem;ADV;O;5;no;1;1873;932062911;2667.652054007834
siiski;ADV;O;1;yes;566546;1873;932062911;0.8785592274366517
vabastati;VERB;O;1;no;4784;1873;932062911;87.22141381245126
liitus;VERB;O;1;no;17961;1873;932062911;26.388685142632973
peagi;ADV;O;1;yes;1;1873;932062911;534.3295534102907
langes;VERB;O;1;no;44614;1873;932062911;10.946348743964124
jällegi;ADV;O;6;no;1;1873;932062911;3200.9826791572204
vangistusse;NOUN;O;1;no;247;1873;932062911;422.84689297493793
seekord;ADV;O;2;yes;140765;1873;932062911;7.030449987459385
kriisi;NOUN;O;1;no;37905;1873;932062911;12.837301566311943
ajal;ADP;O;1;no;1;1873;932062911;534.3295534102907
aset;NOUN;O;1;no;63440;1873;932062911;7.745022700727221
leidnud;ADJ;O;1;no;117405;1873;932062911;4.213076413036376
sigade;NOUN;O;1;no;5602;1873;932062911;76.30215615142181
lahe;NOUN;O;1;no;1;1873;932062911;534.3295534102907
dessandid;NOUN;O;1;no;36;1873;932062911;515.0110420234206
vabanes;VERB;O;1;no;1;1873;932062911;534.3295534102907
alles;ADV;O;2;yes;353389;1873;932062911;2.8115577041376745
president;NOUN;O;1;no;148527;1873;932062911;3.3357835839986536
John;PROPN;O;1;no;34403;1873;932062911;14.109585422108596
F.;PROPN;O;1;no;1;1873;932062911;534.3295534102907
Kennedy;PROPN;O;1;no;1;1873;932062911;534.3295534102907
korraldatud;ADJ;O;1;no;49625;1873;932062911;9.861393440042193
vangide;NOUN;O;1;no;3591;1873;932062911;110.2268746529791
vahetusega;NOUN;O;1;no;4341;1873;932062911;94.54904994558215
seejärel;ADV;O;1;yes;213239;1873;932062911;2.327873251231501
Ossefardo;PROPN;O;1;no;1;1873;932062911;534.3295534102907
mitmeid;DET;O;1;yes;134579;1873;932062911;3.6791320046377214
kordi;NOUN;O;1;no;29377;1873;932062911;16.449307258436995
Ühendriikide;PROPN;O;1;no;24594;1873;932062911;19.531530979792773
vägedes;NOUN;O;1;no;234;1873;932062911;427.561055098455
Vietnamis;PROPN;O;1;no;2358;1873;932062911;151.53603503186503
arvatakse;VERB;O;1;no;24721;1873;932062911;19.43483670032059
et;SCONJ;O;5;yes;1;1873;932062911;2667.652054007834
käigus;ADP;O;2;no;186237;1873;932062911;5.322429351689215
sai;AUX;O;2;yes;1;1873;932062911;1067.6601785596765
tervis;NOUN;O;1;no;34275;1873;932062911;14.160882712615201
tugeva;ADJ;O;2;no;50486;1873;932062911;19.37439992420549
löögi;NOUN;O;1;no;12733;1873;932062911;36.48450737369136
seal;ADV;O;1;yes;1;1873;932062911;534.3295534102907
kasutusel;NOUN;O;1;no;42981;1873;932062911;11.353411843505187
olnud;AUX;O;2;yes;3;1873;932062911;1065.3765671234837
keemiarelva;NOUN;O;1;no;824;1873;932062911;283.9095828602326
tagajärjel;NOUN;O;1;no;41234;1873;932062911;11.82379985512648
tööl;NOUN;O;1;no;2;1873;932062911;533.7575046252273
või;CCONJ;O;4;yes;1;1873;932062911;2134.321428858448
õhtukoolis;NOUN;O;1;no;169;1873;932062911;452.8016369977753
niipidi;ADV;O;1;no;1618;1873;932062911;195.51011325552972
aastaid;NOUN;O;1;no;123301;1873;932062911;4.01312723727583
sõjainvaliidist;NOUN;O;1;no;5;1873;932062911;532.0486839099065
hooldama;VERB;O;1;no;1890;1873;932062911;176.66618507865567
õde;NOUN;O;1;no;36176;1873;932062911;13.435438269415728
pekid;NOUN;O;1;no;163;1873;932062911;455.2825993193881
valvama;VERB;O;1;no;2560;1873;932062911;142.77036274686284
suhtlemiseks;NOUN;O;1;no;5131;1873;932062911;82.2295753576646
teiste;DET;O;1;yes;342399;1873;932062911;1.4521351033931231
noortega;NOUN;O;1;no;10336;1873;932062911;44.24567846986666
aega;NOUN;O;2;no;1;1873;932062911;1067.6601785596765
jäänud;VERB;O;3;no;263119;1873;932062911;5.657334317553989
muusikast;NOUN;O;2;no;7966;1873;932062911;111.95629027685929
sai;VERB;O;6;yes;1;1873;932062911;3200.9826791572204
lohutus;NOUN;O;1;no;1734;1873;932062911;187.0034973598325
keeldus;VERB;O;1;no;14208;1873;932062911;32.9300539548026
nutmas;VERB;O;1;no;647;1873;932062911;315.73351831980034
ennast;PRON;O;1;yes;2;1873;932062911;533.7575046252273
haletsema;ADJ;O;1;no;217;1873;932062911;433.88667736603657
sest;SCONJ;O;1;yes;1;1873;932062911;534.3295534102907
lihtsalt;ADV;O;1;no;1;1873;932062911;534.3295534102907
lukustas;VERB;O;1;no;662;1873;932062911;312.76249205595866
end;PRON;O;1;yes;467225;1873;932062911;1.0649483432723863
tundideks;NOUN;O;1;no;1950;1873;932062911;172.98827400174534
tuppa;NOUN;O;1;no;40527;1873;932062911;12.02543071483789
laulis;VERB;O;1;no;9939;1873;932062911;45.861484991854795
rõõmu;NOUN;O;1;no;64424;1873;932062911;7.6284137436073
saada;VERB;O;2;yes;1;1873;932062911;1067.6601785596765
lisaks;NOUN;O;1;yes;1;1873;932062911;534.3295534102907
kõigele;DET;O;1;yes;19926;1873;932062911;23.902655326416077
muusika;NOUN;O;2;no;1;1873;932062911;1067.6601785596765
aitas;VERB;O;3;no;48562;1873;932062911;30.181905706128774
kloorial;NOUN;O;2;no;1;1873;932062911;1067.6601785596765
siis;ADV;O;3;yes;1;1873;932062911;1600.9908037090624
edaspidi;ADV;O;1;yes;100731;1873;932062911;4.904073065109186
alal;NOUN;O;1;no;1;1873;932062911;534.3295534102907
hoida;VERB;O;1;no;232280;1873;932062911;2.1378100357038603
sidet;NOUN;O;1;no;8603;1873;932062911;52.2873412783858
kuuba;ADJ;O;3;no;728;1873;932062911;899.8605594369594
juurtega;NOUN;O;1;no;6876;1873;932062911;63.852340102941554
käis;VERB;O;2;no;122525;1873;932062911;8.069154495306814
tütarlastele;NOUN;O;1;no;762;1873;932062911;294.3002206712829
mõeldud;ADJ;O;1;no;196754;1873;932062911;2.52199412137007
katoliiklikus;ADJ;O;1;no;400;1873;932062911;374.27893564280447
keskkoolis;NOUN;O;1;no;6867;1873;932062911;63.92602473242644
talle;PRON;O;1;yes;1;1873;932062911;534.3295534102907
meeldis;VERB;O;1;no;72052;1873;932062911;6.8311226951876565
kirjutada;VERB;O;1;no;1;1873;932062911;534.3295534102907
luulet;NOUN;O;1;no;5891;1873;932062911;73.07027577520394
võttis;VERB;O;2;no;190342;1873;932062911;5.208202821671653
klassikalise;ADJ;O;1;no;19061;1873;932062911;24.93680386830729
kitarrimängutunde;NOUN;O;1;no;1;1873;932062911;534.3295534102907
Daci;PROPN;O;1;no;3;1873;932062911;533.1866793916028
jätkas;VERB;O;3;no;31693;1873;932062911;45.78765545581042
õpinguid;NOUN;O;1;no;8999;1873;932062911;50.20238951322215
Miami;PROPN;O;4;no;5307;1873;932062911;319.19155069092767
ülikoolis;NOUN;O;1;no;32165;1873;932062911;15.063665615254202
kõrvaltööna;NOUN;O;1;no;36;1873;932062911;515.0110420234206
hispaania;ADJ;O;1;no;18382;1873;932062911;25.813475436822127
prantsuse;ADJ;O;1;no;64151;1873;932062911;7.660412190804733
keele;NOUN;O;1;no;1;1873;932062911;534.3295534102907
tõlk;NOUN;O;1;no;2864;1873;932062911;131.33688777749967
lennujaama;NOUN;O;1;no;33058;1873;932062911;14.667907201106967
klienditeeninduses;NOUN;O;1;no;591;1873;932062911;327.3424130661769
78.;ADJ;O;2;no;1;1873;932062911;1067.6601785596765
lõpetas;VERB;O;1;no;74616;1873;932062911;6.5992835464977055
kommunikatsiooni;NOUN;O;1;no;9889;1873;932062911;46.07339340311278
psühholoogia;NOUN;O;1;no;8763;1873;932062911;51.42443046683761
erialal;NOUN;O;1;no;18314;1873;932062911;25.904679354102303
Ülikooli;PROPN;O;1;no;88347;1873;932062911;5.584322597957155
kuid;CCONJ;O;9;yes;1;1873;932062911;4800.974554605378
juba;ADV;O;9;yes;1;1873;932062911;4800.974554605378
aastad;NOUN;O;1;no;32623;1873;932062911;14.858058524899892
enne;ADP;O;2;yes;1;1873;932062911;1067.6601785596765
seda;PRON;O;2;yes;2;1873;932062911;1066.517150433855
elu;NOUN;O;1;no;1;1873;932062911;534.3295534102907
saanud;VERB;O;1;yes;1;1873;932062911;534.3295534102907
sootuks;ADV;O;1;no;16510;1873;932062911;28.583951971868668
uue;ADJ;O;2;no;452395;1873;932062911;2.197517412193965
suuna;NOUN;O;1;no;19955;1873;932062911;23.869468419888353
1975.;ADJ;O;1;no;1;1873;932062911;534.3295534102907
kohtas;VERB;O;2;no;3109;1873;932062911;246.5178434747886
toona;ADV;O;1;no;38707;1873;932062911;12.577570001030033
kaheksateistaastane;ADJ;O;1;no;29;1873;932062911;518.762177618085
müügimanakerist;NOUN;O;1;no;1;1873;932062911;534.3295534102907
klahvpillimängijat;NOUN;O;1;no;17;1873;932062911;525.3214331313551
Emilio;PROPN;O;3;no;341;1873;932062911;1173.410305873727
juhtis;VERB;O;1;no;1;1873;932062911;534.3295534102907
bändi;NOUN;O;3;no;18003;1873;932062911;78.89200827134276
jäämi;NOUN;O;2;no;4;1873;932062911;1064.2384207931423
Latin;PROPN;O;1;no;579;1873;932062911;329.94197985336945
pois;NOUN;O;3;no;427;1873;932062911;1099.1581976833209
Jaaguna;PROPN;O;1;no;5;1873;932062911;532.0486839099065
ansamblil;NOUN;O;1;no;476;1873;932062911;354.07728208980274
puudus;ADJ;O;1;no;41694;1873;932062911;11.696203085405703
pidid;AUX;O;1;yes;1;1873;932062911;534.3295534102907
kvarteti;NOUN;O;1;no;548;1873;932062911;336.8526329745559
liikmed;NOUN;O;1;no;73033;1873;932062911;6.740521388297096
kordamööda;ADV;O;1;no;5268;1873;932062911;80.41258543583443
ise;ADV;O;1;yes;1;1873;932062911;534.3295534102907
laval;NOUN;O;2;no;35294;1873;932062911;27.499375701221414
laulu;NOUN;O;2;no;47103;1873;932062911;20.73889475301476
võtma;VERB;O;1;no;107646;1873;932062911;4.591747864824236
üks;DET;O;6;yes;2;1873;932062911;3197.5557336683664
ühine;ADJ;O;1;no;43555;1873;932062911;11.206922999968596
sõber;NOUN;O;1;no;63662;1873;932062911;7.718404232061912
palus;VERB;O;2;no;1;1873;932062911;1067.6601785596765
emiilial;NOUN;O;1;no;1;1873;932062911;534.3295534102907
anda;VERB;O;1;no;1;1873;932062911;534.3295534102907
head;ADJ;O;3;no;1;1873;932062911;1600.9908037090624
nõu;NOUN;O;1;no;70412;1873;932062911;6.9881510555444715
klooriale;NOUN;O;1;no;1;1873;932062911;534.3295534102907
sõpradele;NOUN;O;1;no;15927;1873;932062911;29.572408097073968
soovisid;VERB;O;1;no;9955;1873;932062911;45.79408538501241
panna;VERB;O;1;no;1;1873;932062911;534.3295534102907
kokku;ADV;O;1;yes;1;1873;932062911;534.3295534102907
ühe;DET;O;2;yes;2;1873;932062911;1066.517150433855
erilise;ADJ;O;1;no;1;1873;932062911;534.3295534102907
sündmuse;NOUN;O;1;no;16390;1873;932062911;28.781969624514765
jaoks;ADP;O;1;yes;2;1873;932062911;533.7575046252273
kuulis;VERB;O;1;no;13057;1873;932062911;35.63949148776087
klooriat;NOUN;O;1;no;1;1873;932062911;534.3295534102907
laulmas;VERB;O;1;no;2267;1873;932062911;155.846603336253
neiut;NOUN;O;1;no;1667;1873;932062911;191.8241710996182
uuesti;ADV;O;4;no;217170;1873;932062911;9.130845159557195
ühes;DET;O;1;yes;149044;1873;932062911;3.324284414868239
pulmas;NOUN;O;1;no;4203;1873;932062911;97.089966993461
Lätin;PROPN;O;1;no;1;1873;932062911;534.3295534102907
esines;VERB;O;1;no;23230;1873;932062911;20.634127573244598
panustaja;NOUN;O;1;no;605;1873;932062911;324.3608865781394
bändiga;NOUN;O;1;no;3307;1873;932062911;117.61162761812471
liituda;VERB;O;2;no;19515;1873;932062911;48.72064601658483
lavamaagia;NOUN;O;1;no;1;1873;932062911;534.3295534102907
nädalad;NOUN;O;1;no;7694;1873;932062911;57.797293351821665
paluse;ADJ;O;1;no;1;1873;932062911;534.3295534102907
miilio;NOUN;O;1;no;1;1873;932062911;534.3295534102907
tal;PRON;O;2;yes;2;1873;932062911;1066.517150433855
ansambliga;NOUN;O;1;no;2507;1873;932062911;144.97062177712974
päriselt;ADV;O;1;no;8;1873;932062911;530.3507698309095
kombinatsiooniga;NOUN;O;1;no;1348;1873;932062911;218.66198784825363
muusikud;NOUN;O;1;no;9962;1873;932062911;45.764660311895625
lauluanded;NOUN;O;1;no;1;1873;932062911;534.3295534102907
võitis;VERB;O;1;no;129928;1873;932062911;3.8098949171178105
ansambel;NOUN;O;3;no;17762;1873;932062911;79.9090677561595
linna;NOUN;O;2;no;259120;1873;932062911;3.8307487470561163
tähelepanu;NOUN;O;1;no;219871;1873;932062911;2.2579536803766787
järgneva;ADJ;O;2;no;17256;1873;932062911;54.77186432883851
kolme;NUM;O;1;no;196915;1873;932062911;2.5199418237642
aasta;NOUN;O;8;no;2;1873;932062911;4263.075025285621
vältel;ADP;O;1;yes;43286;1873;932062911;11.27510016759033
lihvis;VERB;O;1;no;372;1873;932062911;382.3152121978691
kõla;NOUN;O;1;no;8594;1873;932062911;52.336741127610196
lõi;VERB;O;1;no;78264;1873;932062911;6.295301435610728
saundi;NOUN;O;1;no;657;1873;932062911;313.7466019042564
mida;PRON;O;1;yes;1;1873;932062911;534.3295534102907
ongi;AUX;O;1;no;1;1873;932062911;534.3295534102907
hakatud;VERB;O;1;yes;11911;1873;932062911;38.8196407658581
nimetama;VERB;O;1;no;5434;1873;932062911;78.31576525529812
saundiks;NOUN;O;1;no;8;1873;932062911;530.3507698309095
jäämissoundmessiin;NOUN;O;1;no;1;1873;932062911;534.3295534102907
tihedad;ADJ;O;1;no;4274;1873;932062911;95.76585935696463
töö;NOUN;O;1;no;1;1873;932062911;534.3295534102907
tegemise;NOUN;O;1;no;36691;1873;932062911;13.251528449922374
muutusega;NOUN;O;1;no;1873;1873;932062911;177.7368652172578
miili;NOUN;O;3;no;6648;1873;932062911;197.07292107367678
suhe;NOUN;O;1;no;45787;1873;932062911;10.671513028591786
üha;ADV;O;5;no;109507;1873;932062911;22.538104955250937
lähedasemaks;ADJ;O;1;no;1163;1873;932062911;237.9704618513653
nad;PRON;O;1;yes;1174316;1873;932062911;0.4242194514266486
abiellusid;VERB;O;1;no;2824;1873;932062911;132.73555325131662
1980.;ADJ;O;2;no;1;1873;932062911;1067.6601785596765
paarile;NUM;O;1;no;4230;1873;932062911;96.58214111957687
pöördeline;ADJ;O;1;no;640;1873;932062911;317.1394001154804
jäämist;NOUN;O;2;no;6087;1873;932062911;141.926939079642
saun;NOUN;O;1;no;20353;1873;932062911;23.423143761566294
mis;PRON;O;8;yes;1;1873;932062911;4267.643929455991
siin;ADV;O;4;yes;1;1873;932062911;2134.321428858448
plaadilepingu;NOUN;O;1;no;232;1873;932062911;428.29565638341677
firmaga;NOUN;O;1;no;3878;1873;932062911;103.65001409819104
CBS;PROPN;O;1;no;877;1873;932062911;275.5919020321653
Discos;PROPN;O;1;no;1;1873;932062911;534.3295534102907
alt;ADP;O;1;yes;1;1873;932062911;534.3295534102907
ilmus;VERB;O;4;no;63391;1873;932062911;30.96021979201772
neil;PRON;O;1;yes;318929;1873;932062911;1.558686399654274
seitsme;NUM;O;1;no;1;1873;932062911;534.3295534102907
jooksul;ADP;O;2;yes;563172;1873;932062911;1.7659757829520248
seitse;NUM;O;1;no;64757;1873;932062911;7.589742743229918
edukamat;ADJ;O;1;no;611;1873;932062911;323.09965133906053
plaati;NOUN;O;5;no;8850;1873;932062911;254.45422031059343
Estefanidele;PROPN;O;1;no;1;1873;932062911;534.3295534102907
esimene;ADJ;O;5;no;1;1873;932062911;2667.652054007834
laps;NOUN;O;1;no;189997;1873;932062911;2.611247763630081
poeg;NOUN;O;2;no;58872;1873;932062911;16.657632703788053
näib;VERB;O;1;no;38472;1873;932062911;12.652580767227366
1984.;ADJ;O;1;no;1;1873;932062911;534.3295534102907
läksid;VERB;O;1;yes;64010;1873;932062911;7.677044217421807
muusikaturu;NOUN;O;1;no;125;1873;932062911;471.64940075958805
uksed;NOUN;O;1;no;42412;1873;932062911;11.502453970733066
järsku;ADV;O;2;no;36993;1873;932062911;26.26743471733912
ansambli;NOUN;O;3;no;13403;1873;932062911;104.20778402351634
ees;ADP;O;2;yes;2;1873;932062911;1066.517150433855
valla;NOUN;O;1;no;131909;1873;932062911;3.753079639782466
nende;PRON;O;9;yes;2;1873;932062911;4795.83467109425
inglise;ADJ;O;1;no;114695;1873;932062911;4.31182005307951
keelne;ADJ;O;1;no;3609;1873;932062911;109.7899540943699
album;NOUN;O;4;no;14151;1873;932062911;132.0326101648747
renessanss;NOUN;O;1;no;555;1873;932062911;335.2669781825631
kinkis;VERB;O;2;no;9666;1873;932062911;93.99775435676044
tantsusõpradele;NOUN;O;1;no;25;1873;932062911;520.9303200532611
hittsingli;VERB;O;1;no;35;1873;932062911;515.5435937697085
hitisadu;NOUN;O;1;no;14;1873;932062911;526.9872465577881
jätkus;VERB;O;1;no;22033;1873;932062911;21.709633040000504
kauamängivaga;ADJ;O;1;no;66;1873;932062911;499.5307240089756
primitiivne;ADJ;O;2;no;1386;1873;932062911;429.75283778468236
müüs;VERB;O;1;no;13211;1873;932062911;35.25142267100927
enam;ADV;O;6;yes;4;1873;932062911;3190.7238088135455
kolm;NUM;O;2;no;357415;1873;932062911;2.7799700828386276
miljonit;NUM;O;4;no;168274;1873;932062911;11.769413761892332
sellelt;PRON;O;1;yes;18733;1873;932062911;25.35273295563452
jäid;VERB;O;1;no;78191;1873;932062911;6.30110956522417
ajatutena;ADJ;O;1;no;4;1873;932062911;532.6170737880414
kõlama;VERB;O;1;no;7774;1873;932062911;57.26619410346871
pursked;NOUN;O;1;no;247;1873;932062911;422.84689297493793
enduvai;ADJ;O;1;no;1;1873;932062911;534.3295534102907
pääd;NOUN;O;1;no;294;1873;932062911;406.6374441844084
Boy;PROPN;O;1;no;1826;1873;932062911;180.76566946675268
Konga;PROPN;O;1;no;140;1873;932062911;465.05021619793337
saate;AUX;O;1;yes;170136;1873;932062911;2.914413596871782
alguses;NOUN;O;2;no;1;1873;932062911;1067.6601785596765
kõlanud;VERB;O;1;no;5967;1873;932062911;72.26533443308904
kongast;NOUN;O;1;no;1;1873;932062911;534.3295534102907
saan;VERB;O;1;yes;199972;1873;932062911;2.4815978398565193
justkui;SCONJ;O;1;yes;117381;1873;932062911;4.213931042537338
tunnuslaul;NOUN;O;1;no;131;1873;932062911;468.98737918468856
nende;DET;O;1;yes;2;1873;932062911;533.7575046252273
edu;NOUN;O;3;no;102616;1873;932062911;14.426393867714904
ei;AUX;O;5;yes;13;1873;932062911;2633.779362279596
märkamatuks;ADJ;O;1;no;3622;1873;932062911;109.47654836609607
mujalgi;ADV;O;1;no;4621;1873;932062911;89.78163880526867
maailmas;NOUN;O;2;no;175510;1873;932062911;5.646012621537794
87.;ADJ;O;1;no;1;1873;932062911;534.3295534102907
ilmunud;ADJ;O;2;no;67265;1873;932062911;14.60758090807732
lerit;NOUN;O;1;no;1;1873;932062911;534.3295534102907
lõõs;NOUN;O;1;no;1;1873;932062911;534.3295534102907
jõudis;VERB;O;2;no;116422;1873;932062911;8.488791009487025
müügiarvudelt;NOUN;O;1;no;1;1873;932062911;534.3295534102907
mitmekordsesse;ADJ;O;1;no;12;1873;932062911;528.1036705596581
Numi;PROPN;O;1;no;27;1873;932062911;519.8439881472341
staatusesse;NOUN;O;1;no;1381;1873;932062911;215.54238156142213
oskus;NOUN;O;1;no;29713;1873;932062911;16.268953011657135
võrdse;ADJ;O;1;no;12171;1873;932062911;38.04935471383511
veenvus;NOUN;O;1;no;125;1873;932062911;471.64940075958805
ega;CCONJ;O;1;yes;706448;1873;932062911;0.7048022904217237
esitada;VERB;O;1;no;104279;1873;932062911;4.738694532152761
nii;ADV;O;5;yes;1;1873;932062911;2667.652054007834
ballaade;NOUN;O;1;no;317;1873;932062911;399.14970186664664
kui;CCONJ;O;1;yes;1;1873;932062911;534.3295534102907
tantsuhitte;NOUN;O;1;no;27;1873;932062911;519.8439881472341
tagas;VERB;O;1;no;5511;1873;932062911;77.37982624493046
neile;PRON;O;1;yes;1;1873;932062911;534.3295534102907
kahe;NUM;O;1;no;331369;1873;932062911;1.5003355215624625
meloodiliselt;ADV;O;1;no;137;1873;932062911;466.3552382263272
hinge;NOUN;O;2;no;48510;1873;932062911;20.14871660915337
paitava;ADJ;O;1;no;110;1873;932062911;478.4385695676446
singliga;NOUN;O;1;no;923;1873;932062911;268.7580488952678
käens;NOUN;O;1;no;1;1873;932062911;534.3295534102907
Võifremiuja;PROPN;O;1;no;1;1873;932062911;534.3295534102907
Enything;PROPN;O;1;no;1;1873;932062911;534.3295534102907
tempokalt;ADV;O;1;no;1005;1873;932062911;257.38094808751197
nakatavate;ADJ;O;1;no;36;1873;932062911;515.0110420234206
Singlitega;PROPN;O;1;no;1;1873;932062911;534.3295534102907
ütleme;VERB;O;1;no;25688;1873;932062911;18.72884711825074
niisugune;DET;O;1;yes;18292;1873;932062911;25.934324645445173
ketsi;NOUN;O;1;no;513;1873;932062911;345.01133808307657
onud;NOUN;O;1;no;1639;1873;932062911;193.91322025038374
sõi;VERB;O;1;no;9073;1873;932062911;49.831079821616505
otsustati;VERB;O;1;no;25628;1873;932062911;18.771156160622386
tõsta;VERB;O;1;no;92065;1873;932062911;5.361062736093831
esile;ADV;O;1;no;95617;1873;932062911;5.163831460466031
lauljat;NOUN;O;1;no;2400;1873;932062911;149.6259530072047
Tar;PROPN;O;1;no;144;1873;932062911;463.3215060586135
lühiajaliselt;ADV;O;1;no;5153;1873;932062911;81.93228169212198
nimeks;NOUN;O;1;no;25501;1873;932062911;18.8613438486866
tähendama;VERB;O;1;no;5229;1873;932062911;80.92160325910618
kadus;VERB;O;1;no;1;1873;932062911;534.3295534102907
nimi;NOUN;O;1;no;1;1873;932062911;534.3295534102907
solisti;NOUN;O;1;no;1808;1873;932062911;181.95315389907694
tagant;ADP;O;1;yes;87729;1873;932062911;5.623247366646223
sellega;PRON;O;1;yes;441200;1873;932062911;1.1276338686133587
kaasnes;VERB;O;1;no;4408;1873;932062911;93.3627743432283
bändiliikmete;NOUN;O;1;no;402;1873;932062911;373.7178242700848
vallandamine;NOUN;O;1;no;1080;1873;932062911;247.78702783729003
aastate;NOUN;O;1;no;99658;1873;932062911;4.956385095210191
pidevalt;ADV;O;1;no;152117;1873;932062911;3.257537674884404
muutuv;ADJ;O;1;no;4999;1873;932062911;84.05965271649363
ansamblid;NOUN;O;1;no;1674;1873;932062911;191.30892290970323
koosseis;NOUN;O;1;no;13121;1873;932062911;35.477183279958616
toimib;VERB;O;1;no;1;1873;932062911;534.3295534102907
tänaseni;ADV;O;1;no;18037;1873;932062911;26.282958250363713
dasta;NOUN;O;1;no;1;1873;932062911;534.3295534102907
jõududena;NOUN;O;1;no;52;1873;932062911;506.6374140975381
pärast;ADP;O;7;yes;2;1873;932062911;3730.315379476994
singli;NOUN;O;3;no;4399;1873;932062911;280.2115009205164
elitengvjuu;NOUN;O;1;no;1;1873;932062911;534.3295534102907
anti;VERB;O;1;no;68954;1873;932062911;7.133941558179584
Ameerikas;PROPN;O;3;no;1;1873;932062911;1600.9908037090624
sedavõrd;ADV;O;1;no;24228;1873;932062911;19.815653494267046
osutunud;ADJ;O;1;no;15119;1873;932062911;31.061063762740854
leri;NOUN;O;1;no;7;1873;932062911;530.9155357945298
lõus;NOUN;O;1;no;7;1873;932062911;530.9155357945298
välja;ADV;O;2;yes;1;1873;932062911;1067.6601785596765
venitanud;ADJ;O;1;no;764;1873;932062911;293.95318139725293
jõu;NOUN;O;2;no;1;1873;932062911;1067.6601785596765
all;ADP;O;1;yes;1;1873;932062911;534.3295534102907
sellest;PRON;O;2;yes;933385;1873;932062911;1.066227037598869
mujal;ADV;O;1;yes;75996;1873;932062911;6.480900073034933
hitt;NOUN;O;1;no;3210;1873;932062911;120.36588995650234
andes;VERB;O;1;no;30908;1873;932062911;15.658357520584355
Stefanile;PROPN;O;2;no;84;1873;932062911;980.4453084358983
Inglismaalt;PROPN;O;1;no;4776;1873;932062911;87.34365691337347
Hollandi;PROPN;O;1;no;20034;1873;932062911;23.779528405247746
Austraalia;PROPN;O;1;no;28693;1873;932062911;16.829098052420193
Kanada;PROPN;O;1;no;22525;1873;932062911;21.25428449546165
albumi;NOUN;O;5;no;13824;1873;932062911;168.6823379691729
tabelite;NOUN;O;1;no;1541;1873;932062911;201.5974144130197
esikohad;NOUN;O;1;no;758;1873;932062911;294.9967633118101
superstaar;NOUN;O;1;no;2989;1873;932062911;127.14998454620199
sündinud;VERB;O;1;no;94229;1873;932062911;5.239150060824984
albumist;NOUN;O;1;no;1283;1873;932062911;225.07852308052836
enita;NOUN;O;1;no;1;1873;932062911;534.3295534102907
infi;NOUN;O;1;no;3506;1873;932062911;112.33799487218126
osutus;VERB;O;1;no;35696;1873;932062911;13.611505739458837
edukamaks;ADJ;O;1;no;1369;1873;932062911;216.66643104584628
89.;ADJ;O;1;no;1;1873;932062911;534.3295534102907
lõpus;NOUN;O;1;no;162169;1873;932062911;3.0567740003655812
Gatsbow;PROPN;O;1;no;1;1873;932062911;534.3295534102907
veis;NOUN;O;1;no;723;1873;932062911;301.23512842004334
sumeda;ADJ;O;1;no;283;1873;932062911;410.31874483603247
väljendusrikka;ADJ;O;1;no;245;1873;932062911;423.56537095775997
häälega;NOUN;O;1;no;21840;1873;932062911;21.89362863113758
lummas;VERB;O;1;no;704;1873;932062911;304.73344587562485
kuulajaid;NOUN;O;1;no;3078;1873;932062911;124.3279967430755
just;ADV;O;1;yes;1;1873;932062911;534.3295534102907
ballaadidega;NOUN;O;1;no;45;1873;932062911;510.2671311390468
näiteks;ADV;O;4;no;1;1873;932062911;2134.321428858448
monalüüsiv;ADJ;O;1;no;1;1873;932062911;534.3295534102907
kroonis;VERB;O;1;no;644;1873;932062911;316.3345099098876
Billboardi;PROPN;O;2;no;424;1873;932062911;734.6223439081076
singlitabeli;NOUN;O;1;no;32;1873;932062911;517.1478778508219
tippu;NOUN;O;1;no;16875;1873;932062911;27.998052852969774
veel;ADV;O;11;yes;3;1873;932062911;5855.085556710413
Tseeveeaa;PROPN;O;1;no;1;1873;932062911;534.3295534102907
nimilugu;NOUN;O;1;no;737;1873;932062911;298.7083861564136
Gatsboueys;PROPN;O;1;no;1;1873;932062911;534.3295534102907
plaadilt;NOUN;O;1;no;2426;1873;932062911;148.46746524765624
puudunud;VERB;O;2;no;4943;1873;932062911;169.563139877273
kõdutavad;ADJ;O;1;no;1;1873;932062911;534.3295534102907
latiino;ADJ;O;1;no;357;1873;932062911;386.7639696122913
tantsitajad;NOUN;O;1;no;1;1873;932062911;534.3295534102907
Hoiemikanto;PROPN;O;1;no;1;1873;932062911;534.3295534102907
Hermani;PROPN;O;1;no;391;1873;932062911;376.82492978471515
poiss;NOUN;O;1;no;65353;1873;932062911;7.521499816749805
optimistlik;ADJ;O;1;no;6120;1873;932062911;70.69748169158609
keraniorfiit;NOUN;O;1;no;1;1873;932062911;534.3295534102907
esimese;ADJ;O;3;no;1;1873;932062911;1600.9908037090624
nädalaga;NOUN;O;1;no;17975;1873;932062911;26.369145270483823
müüdi;VERB;O;1;no;20209;1873;932062911;23.582687901606224
jälle;ADV;O;2;no;3;1873;932062911;1065.3765671234837
plaatina;NOUN;O;2;no;714;1873;932062911;605.1980805280847
jagu;NOUN;O;1;no;51958;1873;932062911;9.426403772241407
plaate;NOUN;O;1;no;7205;1873;932062911;61.27064445628885
karjääri;NOUN;O;2;no;47293;1873;932062911;20.657186409568013
kõige;ADV;O;1;yes;1;1873;932062911;534.3295534102907
edukam;ADJ;O;1;no;4259;1873;932062911;96.0425826244308
hetkel;NOUN;O;1;no;1;1873;932062911;534.3295534102907
tabas;VERB;O;1;no;29322;1873;932062911;16.479211073401466
raske;ADJ;O;1;no;2;1873;932062911;533.7575046252273
saatuselöök;NOUN;O;1;no;62;1873;932062911;501.5407807910216
20.;ADJ;O;1;no;1;1873;932062911;534.3295534102907
märtsil;NOUN;O;1;no;1;1873;932062911;534.3295534102907
1990.;ADJ;O;1;no;1;1873;932062911;534.3295534102907
olles;AUX;O;1;yes;130068;1873;932062911;3.805823275650288
Gatsbous;PROPN;O;1;no;1;1873;932062911;534.3295534102907
võis;AUX;O;1;yes;3;1873;932062911;533.1866793916028
tuuril;NOUN;O;1;no;2496;1873;932062911;145.43580485017995
magas;VERB;O;1;no;8376;1873;932062911;53.56249665536191
lauljatar;NOUN;O;1;no;7607;1873;932062911;58.38615943396881
pahaaimamatult;ADV;O;1;no;1129;1873;932062911;241.89610413029058
tuuribussis;NOUN;O;2;no;30;1873;932062911;1035.4771011078626
vastu;ADV;O;3;yes;1;1873;932062911;1600.9908037090624
sööstis;VERB;O;1;no;1694;1873;932062911;189.85192108306495
kiirust;NOUN;O;1;no;24336;1873;932062911;19.73095801978929
ületav;ADJ;O;1;no;1115;1873;932062911;243.55044774602723
veoauto;NOUN;O;1;no;5882;1873;932062911;73.16678684217916
Hoyt;PROPN;O;1;no;61;1873;932062911;502.0458251091967
raskete;ADJ;O;1;no;10792;1873;932062911;42.52477083439763
vigastustega;NOUN;O;1;no;2900;1873;932062911;130.1030541819139
üleöö;ADV;O;1;no;9884;1873;932062911;46.09469200029284
kohaliku;ADJ;O;1;no;86059;1873;932062911;5.731198951418866
haigla;NOUN;O;1;no;39003;1873;932062911;12.484344638430706
intensiivosakonnas;NOUN;O;1;no;25;1873;932062911;520.9303200532611
lennutati;VERB;O;1;no;618;1873;932062911;321.64055084493003
järgmisel;ADJ;O;2;yes;139313;1873;932062911;7.10323838492525
päeval;NOUN;O;1;no;235776;1873;932062911;2.1062361898749127
helikopteriga;NOUN;O;1;no;1553;1873;932062911;200.62393041700176
New;PROPN;O;1;no;67504;1873;932062911;7.285093082965761
Yorki;PROPN;O;1;no;4888;1873;932062911;85.66283494909388
arstid;NOUN;O;1;no;24021;1873;932062911;19.98003573014499
kinnitasid;VERB;O;1;no;9705;1873;932062911;46.870371333684766
vigastatud;ADJ;O;1;no;9166;1873;932062911;49.37215116725428
selgroo;NOUN;O;1;no;2184;1873;932062911;159.99776088549444
titaanist;NOUN;O;1;no;515;1873;932062911;344.5344944911906
varrastega;NOUN;O;1;no;795;1873;932062911;288.676854423131
valuline;ADJ;O;1;no;534;1873;932062911;340.0693686454877
taastusravi;NOUN;O;1;no;3672;1873;932062911;108.28763598064043
pea;ADV;O;1;yes;4;1873;932062911;532.6170737880414
terve;ADJ;O;2;no;1;1873;932062911;1067.6601785596765
tänagi;ADV;O;1;no;5058;1873;932062911;83.23169488300151
peab;AUX;O;1;yes;1;1873;932062911;534.3295534102907
igapäevaselt;ADV;O;1;no;49790;1873;932062911;9.829314107613184
tegelema;VERB;O;1;no;1;1873;932062911;534.3295534102907
taastus;VERB;O;1;no;2338;1873;932062911;152.46284310349031
võimlemisega;NOUN;O;1;no;352;1873;932062911;388.26998604769744
10;NUM;O;2;no;1;1873;932062911;1067.6601785596765
õnnetust;NOUN;O;1;no;7915;1873;932062911;56.35351455661598
südikas;ADJ;O;1;no;471;1873;932062911;355.33908325108297
naine;NOUN;O;2;no;1;1873;932062911;1067.6601785596765
tuuri;NOUN;O;1;yes;7592;1873;932062911;58.48890297313008
sümboolsena;ADJ;O;1;no;39;1873;932062911;513.4199678421616
kõlavad;VERB;O;1;no;9159;1873;932062911;49.40639979509645
tuuriline;ADJ;O;1;no;8;1873;932062911;530.3507698309095
Noostes;PROPN;O;1;no;1;1873;932062911;534.3295534102907
laulusõnad;NOUN;O;1;no;1350;1873;932062911;218.4703524758945
Keeroni;PROPN;O;1;no;1;1873;932062911;534.3295534102907
põhjuseid;NOUN;O;1;no;17954;1873;932062911;26.39846594220295
miks;ADV;O;1;yes;1;1873;932062911;534.3295534102907
abikaasa;NOUN;O;1;no;1;1873;932062911;534.3295534102907
?;PUNCT;O;1;no;1;1873;932062911;534.3295534102907
Miilio;PROPN;O;1;no;1;1873;932062911;534.3295534102907
pillimehe;NOUN;O;1;no;348;1873;932062911;389.4832701221321
töös;NOUN;O;1;no;46445;1873;932062911;10.52330089509579
taandus;VERB;O;1;no;2321;1873;932062911;153.25959017038383
produtsenditöö;NOUN;O;1;no;27;1873;932062911;519.8439881472341
kasuks;NOUN;O;1;no;75362;1873;932062911;6.534756041501278
otsustas;VERB;O;1;no;88220;1873;932062911;5.592277646295728
soov;NOUN;O;1;no;85364;1873;932062911;5.777356135615601
tagada;VERB;O;1;no;116245;1873;932062911;4.254783966696721
pojale;NOUN;O;1;no;8877;1873;932062911;50.82678060706912
vähemalt;ADV;O;1;yes;1;1873;932062911;534.3295534102907
vanem;ADJ;O;1;no;53501;1873;932062911;9.159195934895383
lapsega;NOUN;O;1;no;41253;1873;932062911;11.818474458368831
kodus;NOUN;O;1;no;254537;1873;932062911;1.95155954641766
sel;DET;O;1;yes;1;1873;932062911;534.3295534102907
ajal;NOUN;O;2;no;1;1873;932062911;1067.6601785596765
teine;PRON;O;1;yes;446264;1873;932062911;1.1148646642659703
mööda;ADV;O;1;yes;1;1873;932062911;534.3295534102907
ilma;ADV;O;3;yes;1;1873;932062911;1600.9908037090624
tuuritab;VERB;O;1;no;392;1873;932062911;376.5403323334504
läheduse;NOUN;O;1;no;2367;1873;932062911;151.1226375453426
poolest;ADP;O;1;yes;118696;1873;932062911;4.167609809992936
tuntud;ADJ;O;1;no;141729;1873;932062911;3.4947383565294725
Estofonide;PROPN;O;1;no;1;1873;932062911;534.3295534102907
pere;NOUN;O;2;no;1;1873;932062911;1067.6601785596765
püüdis;VERB;O;1;no;23303;1873;932062911;20.571974183406972
reiside;NOUN;O;1;no;4196;1873;932062911;97.22249847381714
tuuride;NOUN;O;1;no;362;1873;932062911;385.2695910688501
kiuste;ADP;O;1;yes;7558;1873;932062911;58.723132415471426
võimalikult;ADV;O;1;no;1;1873;932062911;534.3295534102907
seetõttu;ADV;O;1;yes;269575;1873;932062911;1.8430686547447706
tol;DET;O;1;yes;41011;1873;932062911;11.886663823198818
saatuslikul;ADJ;O;1;no;721;1873;932062911;301.599585364078
vigastused;NOUN;O;1;no;7260;1873;932062911;60.85928464598137
õnneks;ADV;O;1;no;150705;1873;932062911;3.28787091339903
tõsised;ADJ;O;1;no;9596;1873;932062911;47.355633486709486
õnnetusest;NOUN;O;1;no;2760;1873;932062911;135.03645537916887
taastumist;NOUN;O;1;no;5848;1873;932062911;73.53369652801675
naases;VERB;O;2;no;1919;1873;932062911;349.4114810031533
tabelitesse;NOUN;O;1;no;233;1873;932062911;427.92804047843885
albumiga;NOUN;O;1;no;1551;1873;932062911;200.78552433355395
ent;CCONJ;O;1;yes;212369;1873;932062911;2.3373680455889785
seda;DET;O;2;yes;2;1873;932062911;1066.517150433855
laid;NOUN;O;1;no;832;1873;932062911;282.62205697398497
kamina;NOUN;O;1;no;4431;1873;932062911;92.96237929928989
eurode;NOUN;O;1;no;1474;1873;932062911;207.2111607136343
taak;NOUN;O;1;no;868;1873;932062911;276.9698133835589
esmaesitlus;NOUN;O;1;no;1051;1873;932062911;251.41062634615312
muusikaauhindade;NOUN;O;1;no;1098;1873;932062911;245.5899695703252
jagamisel;NOUN;O;1;no;6251;1873;932062911;69.40814729254929
võeti;VERB;O;2;no;74005;1873;932062911;13.29374378268354
seisva;ADJ;O;1;no;4490;1873;932062911;91.95081221335091
innovatsiooniga;NOUN;O;1;no;730;1873;932062911;299.96643643192147
lauljatari;NOUN;O;2;no;1891;1873;932062911;352.8770507678111
publik;NOUN;O;1;no;16794;1873;932062911;28.125991148826955
võitlesid;VERB;O;1;no;4376;1873;932062911;93.92561785678048
pisaratega;NOUN;O;1;no;1012;1873;932062911;256.4541948294675
tabeli;NOUN;O;1;no;18727;1873;932062911;25.360470679371527
kroonijuveel;NOUN;O;1;no;216;1873;932062911;434.2646067227023
intide;NOUN;O;1;no;7;1873;932062911;530.9155357945298
laikmaailmaturnee;NOUN;O;1;no;1;1873;932062911;534.3295534102907
100-sse;NUM;O;1;no;1;1873;932062911;534.3295534102907
üle;ADP;O;1;yes;2;1873;932062911;533.7575046252273
kuulamas;VERB;O;1;no;2938;1873;932062911;128.82557725902967
muusikasõpra;NOUN;O;1;no;84;1873;932062911;490.68131819480993
hittide;NOUN;O;1;no;544;1873;932062911;337.7654738310377
kogumit;NOUN;O;1;no;1332;1873;932062911;220.20725931070908
greidest;NOUN;O;1;no;1;1873;932062911;534.3295534102907
Hets;PROPN;O;1;no;1;1873;932062911;534.3295534102907
1992.;ADJ;O;1;no;1;1873;932062911;534.3295534102907
ballaadid;NOUN;O;1;no;373;1873;932062911;382.0222644717668
maru;ADJ;O;1;no;7239;1873;932062911;61.01569575081391
assiiess;NOUN;O;1;no;1;1873;932062911;534.3295534102907
mõel;NOUN;O;1;no;65;1873;932062911;500.0317262210707
soojalt;ADV;O;1;no;1;1873;932062911;534.3295534102907
publiku;NOUN;O;1;no;25535;1873;932062911;18.8371142734968
seas;ADP;O;4;yes;174905;1873;932062911;11.32557682920534
samuti;ADV;O;4;yes;745699;1873;932062911;2.6672559773443676
rütmikas;NOUN;O;1;no;344;1873;932062911;390.7041606182501
Kõvai;PROPN;O;1;no;1;1873;932062911;534.3295534102907
ajad;NOUN;O;1;no;38227;1873;932062911;12.731742066235366
olid;AUX;O;1;yes;1;1873;932062911;534.3295534102907
popmuusikas;NOUN;O;1;no;311;1873;932062911;401.07631249110267
muutunud;VERB;O;1;no;122893;1873;932062911;4.026350375421824
maailma;NOUN;O;2;no;358132;1873;932062911;2.774418876925021
areenile;NOUN;O;1;no;1864;1873;932062911;178.30896671778635
artiste;NOUN;O;1;no;3006;1873;932062911;126.60109800321464
Johnsekaada;PROPN;O;1;no;1;1873;932062911;534.3295534102907
kelle;PRON;O;1;yes;349125;1873;932062911;1.4242337646108074
edule;NOUN;O;1;no;2500;1873;932062911;145.26630235722266
Estefon;PROPN;O;1;no;1;1873;932062911;534.3295534102907
igati;ADV;O;1;yes;79962;1873;932062911;6.163160442155775
kaasa;ADV;O;4;no;1;1873;932062911;2134.321428858448
lauldes;VERB;O;1;no;3027;1873;932062911;125.92956963454928
tausta;NOUN;O;1;no;17057;1873;932062911;27.714789314204527
esimesele;ADJ;O;1;no;17730;1873;932062911;26.715325680553097
hittsinglile;NOUN;O;1;no;4;1873;932062911;532.6170737880414
Chastena;PROPN;O;1;no;1;1873;932062911;534.3295534102907
they;X;O;1;no;3438;1873;932062911;114.08602088619585
Ester;PROPN;O;1;no;4369;1873;932062911;94.04964568592267
panid;NOUN;O;1;no;29918;1873;932062911;16.160845116480022
üldse;ADV;O;1;no;2;1873;932062911;533.7575046252273
aidanud;VERB;O;1;no;37431;1873;932062911;12.995914577909803
paljude;PRON;O;1;no;96572;1873;932062911;5.113254500926955
artistide;NOUN;O;1;no;3136;1873;932062911;122.55540276681228
tulekule;NOUN;O;1;no;463;1873;932062911;357.3767782135065
omas;PRON;O;1;yes;19740;1873;932062911;24.117723068317524
ammu;ADV;O;1;no;101055;1873;932062911;4.888493445226595
stuudiot;NOUN;O;1;no;1101;1873;932062911;245.22757551713352
produtsendina;NOUN;O;1;no;656;1873;932062911;313.94416750429093
teed;NOUN;O;1;yes;171492;1873;932062911;2.8914936820371686
rajada;VERB;O;1;no;23707;1873;932062911;20.234661128924447
sellistel;DET;O;1;yes;15587;1873;932062911;30.181075719878997
tulevastel;ADJ;O;1;no;1612;1873;932062911;195.9712106106545
kuulsustel;NOUN;O;1;no;121;1873;932062911;473.4409343738968
Shakira;PROPN;O;2;no;456;1873;932062911;717.6865733326057
asukar;NOUN;O;1;no;1;1873;932062911;534.3295534102907
Moreno;PROPN;O;1;no;1331;1873;932062911;220.3045642765765
Ricky;PROPN;O;1;no;862;1873;932062911;277.8961013471037
Martin;PROPN;O;1;no;1;1873;932062911;534.3295534102907
niigi;ADV;O;1;no;36290;1873;932062911;13.394289556987411
enamuse;NOUN;O;1;no;18063;1873;932062911;26.24698274884991
lugude;NOUN;O;2;no;16382;1873;932062911;57.53670408190373
autor;NOUN;O;1;no;101658;1873;932062911;4.85976004294738
kaasautor;NOUN;O;1;no;2758;1873;932062911;135.1096446220821
kirjutas;VERB;O;1;no;170534;1873;932062911;2.9076487794387424
Jennifer;PROPN;O;1;no;4575;1873;932062911;90.5315767398423
Lopezi;PROPN;O;1;no;467;1873;932062911;356.35501778971525
kuulsaks;ADJ;O;1;no;6669;1873;932062911;65.59123301253463
lauldud;ADJ;O;1;no;2699;1873;932062911;137.30499877266814
Let's;PROPN;O;1;no;1118;1873;932062911;243.19404339408385
Get;PROPN;O;1;no;1932;1873;932062911;174.07546692619974
laud;NOUN;O;1;no;21667;1873;932062911;22.061228401451206
kaasautoriks;NOUN;O;1;no;386;1873;932062911;378.2543946707987
hitile;NOUN;O;1;no;119;1873;932062911;474.34181467215313
vene;ADJ;O;1;no;147744;1873;932062911;3.3533514324816633
mereväe;NOUN;O;1;no;4953;1873;932062911;84.71669650403433
eelpool;ADV;O;1;no;16442;1873;932062911;28.695826134178535
mainitud;ADJ;O;1;no;47333;1873;932062911;10.329688981400027
köites;NOUN;O;1;no;3157;1873;932062911;121.9260009908749
teets;NOUN;O;1;no;1;1873;932062911;534.3295534102907
kogumikul;NOUN;O;1;no;287;1873;932062911;408.9724033432888
omal;PRON;O;1;yes;81704;1873;932062911;6.03323864878817
albumilt;NOUN;O;1;no;2333;1873;932062911;152.69631922211246
kõlanud;ADJ;O;1;no;5967;1873;932062911;72.26533443308904
päev;NOUN;O;1;no;1;1873;932062911;534.3295534102907
Hispaaniat;PROPN;O;1;no;1140;1873;932062911;240.6119456564781
Keelne;PROPN;O;1;no;3;1873;932062911;533.1866793916028
Mikierra;PROPN;O;1;no;1;1873;932062911;534.3295534102907
minu;PRON;O;1;yes;1;1873;932062911;534.3295534102907
maa;NOUN;O;1;no;1;1873;932062911;534.3295534102907
500;NUM;O;1;no;1;1873;932062911;534.3295534102907
muusikas;NOUN;O;1;no;7374;1873;932062911;60.023996191754314
tagasi;ADV;O;2;yes;2;1873;932062911;1066.517150433855
Kuubasse;PROPN;O;1;no;118;1873;932062911;474.7935417160313
kaminasimsile;NOUN;O;1;no;108;1873;932062911;479.3585880867314
seeläbi;ADV;O;1;no;42726;1873;932062911;11.419725367904924
parima;ADJ;O;1;no;98163;1873;932062911;5.031159715657166
Grammy;PROPN;O;1;no;1667;1873;932062911;191.8241710996182
Hispaanias;PROPN;O;1;no;17960;1873;932062911;26.390081955954365
Saimi;PROPN;O;1;no;64;1873;932062911;500.5337343981637
Tierra;PROPN;O;1;no;268;1873;932062911;415.4474602693024
läbi;ADP;O;1;yes;1;1873;932062911;534.3295534102907
aegade;NOUN;O;1;no;50948;1873;932062911;9.609916807418264
populaarseimaks;ADJ;O;1;no;926;1873;932062911;268.32411625396026
rahvusvaheliseks;ADJ;O;1;no;2441;1873;932062911;147.80723090353763
plaadiks;NOUN;O;1;no;345;1873;932062911;390.39822098344206
sära;NOUN;O;1;no;19327;1873;932062911;24.60938547496353
vaatamata;ADP;O;2;yes;78700;1873;932062911;12.509962416508765
popist;NOUN;O;1;no;254;1873;932062911;420.35130170117577
ehedasse;ADJ;O;1;no;34;1873;932062911;516.0772480358019
latiinasse;NOUN;O;1;no;1;1873;932062911;534.3295534102907
kaldumisele;NOUN;O;1;no;20;1873;932062911;523.6661178352906
kaheksa;NUM;O;1;no;78768;1873;932062911;6.2554917816699165
müüdud;ADJ;O;2;no;26631;1873;932062911;36.14235897448486
samal;DET;O;1;yes;247232;1873;932062911;2.009005988579166
1993.;ADJ;O;1;no;1;1873;932062911;534.3295534102907
jõuluplaat;NOUN;O;1;no;36;1873;932062911;515.0110420234206
Kresmest;PROPN;O;1;no;1;1873;932062911;534.3295534102907
maja;NOUN;O;1;no;229948;1873;932062911;2.159402948233441
edasi;ADV;O;1;yes;1;1873;932062911;534.3295534102907
hooldmeetrilmikismi;NOUN;O;1;no;1;1873;932062911;534.3295534102907
koosnes;VERB;O;1;no;9259;1873;932062911;48.92159855084382
lemmiklaulude;NOUN;O;1;no;72;1873;932062911;496.5456676831037
uusversioonidest;NOUN;O;1;no;16;1873;932062911;525.8755328931286
60.-test;ADJ;O;1;no;1;1873;932062911;534.3295534102907
70.-test;ADJ;O;1;no;1;1873;932062911;534.3295534102907
pärit;ADV;O;1;no;120474;1873;932062911;4.106574882539606
vikis;NOUN;O;1;no;310;1873;932062911;401.39922392251174
Robinsoni;PROPN;O;1;no;609;1873;932062911;323.51897186002407
diskoklassikaks;NOUN;O;1;no;1;1873;932062911;534.3295534102907
peetud;ADJ;O;1;yes;68817;1873;932062911;7.147953932721701
sönud;NOUN;O;1;no;2;1873;932062911;533.7575046252273
piid;NOUN;O;1;no;439;1873;932062911;363.6325397896609
raiunud;VERB;O;1;no;548;1873;932062911;336.8526329745559
kõlasid;VERB;O;1;no;4290;1873;932062911;95.47244011330062
plaadil;NOUN;O;2;no;5720;1873;932062911;149.75716969217817
evelast;NOUN;O;1;no;1;1873;932062911;534.3295534102907
in;X;O;1;no;1;1873;932062911;534.3295534102907
love;X;O;1;no;4;1873;932062911;532.6170737880414
uus;ADJ;O;1;no;1;1873;932062911;534.3295534102907
versioon;NOUN;O;1;no;31797;1873;932062911;15.233038901665967
Kärol;PROPN;O;1;no;127;1873;932062911;470.75870881700234
kingiloost;NOUN;O;1;no;1;1873;932062911;534.3295534102907
stiimuleid;NOUN;O;1;no;1640;1873;932062911;193.83782815191637
kuskil;ADV;O;1;yes;1;1873;932062911;534.3295534102907
disko;NOUN;O;2;no;2034;1873;932062911;335.86412158392403
tantsurütmide;NOUN;O;1;no;11;1873;932062911;528.6636583021509
vahel;ADP;O;1;yes;1;1873;932062911;534.3295534102907
Estefonide;PROPN;O;1;no;1;1873;932062911;534.3295534102907
elus;NOUN;O;1;no;164607;1873;932062911;3.0117549282393967
üksime;VERB;O;1;no;1;1873;932062911;534.3295534102907
14;NUM;O;1;no;1;1873;932062911;534.3295534102907
aastat;NOUN;O;1;no;581405;1873;932062911;0.856141778175868
lapse;NOUN;O;1;no;195882;1873;932062911;2.533168012307067
naiibi;NOUN;O;1;no;1;1873;932062911;534.3295534102907
sündi;NOUN;O;2;no;13045;1873;932062911;71.27349433203618
tuli;VERB;O;2;yes;1;1873;932062911;1067.6601785596765
varasemale;ADJ;O;1;no;2241;1873;932062911;157.1236065978951
vigastusele;NOUN;O;1;no;339;1873;932062911;392.2410796693727
arstide;NOUN;O;1;no;15264;1873;932062911;30.782980485937912
hirmule;NOUN;O;1;no;1073;1873;932062911;248.65209256186566
ellu;NOUN;O;1;no;1;1873;932062911;534.3295534102907
tütar;NOUN;O;1;no;46590;1873;932062911;10.491192048460773
Emily;PROPN;O;1;no;4291;1873;932062911;95.45416109929292
tütre;NOUN;O;1;no;21948;1873;932062911;21.790284864061395
ladinaameerika;NOUN;O;1;no;78;1873;932062911;493.5960751640111
juurte;NOUN;O;1;no;5509;1873;932062911;77.40385328124857
juurde;ADP;O;2;yes;557678;1873;932062911;1.7833443761724521
salvestas;VERB;O;1;no;2130;1873;932062911;162.81934859905164
Abrjendu;PROPN;O;1;no;1;1873;932062911;534.3295534102907
Puertas;PROPN;O;1;no;18;1873;932062911;524.7684998181512
tõlkes;NOUN;O;1;no;8390;1873;932062911;53.48205577437513
avades;VERB;O;1;no;7053;1873;932062911;62.43696437901938
uksi;NOUN;O;1;no;9002;1873;932062911;50.1872288312445
eest;ADP;O;3;yes;1105733;1873;932062911;1.3498439499514077
grammi;NOUN;O;1;no;16054;1873;932062911;29.351303545183
popstaar;NOUN;O;1;no;1092;1873;932062911;246.31798044855128
kutsuti;VERB;O;1;no;23197;1873;932062911;20.662347741281323
esinema;VERB;O;1;no;8545;1873;932062911;52.607341875894384
paavst;NOUN;O;1;no;10596;1873;932062911;43.24777652476291
Johannes;PROPN;O;2;no;26944;1873;932062911;35.73654275879
Paulus;PROPN;O;2;no;8087;1873;932062911;110.45428155852804
teisele;DET;O;1;yes;1;1873;932062911;534.3295534102907
viimase;ADJ;O;1;no;228217;1873;932062911;2.175715153292922
50.;ADJ;O;1;no;1;1873;932062911;534.3295534102907
ametijuubeli;NOUN;O;1;no;10;1873;932062911;529.2248348988826
puhul;ADP;O;1;yes;594480;1873;932062911;0.8373412626221165
võimalus;NOUN;O;1;no;2;1873;932062911;533.7575046252273
kohtuda;VERB;O;1;no;21002;1873;932062911;22.73008382265125
paavstiga;NOUN;O;1;no;420;1873;932062911;368.7425226164907
isiklikult;ADV;O;1;no;55188;1873;932062911;8.883865460539484
teisel;PRON;O;1;yes;144232;1873;932062911;3.4344801222875976
palvetada;VERB;O;1;no;2795;1873;932062911;133.7683587435253
jätkuvalt;ADV;O;1;no;80747;1873;932062911;6.103927625633822
ilmusid;VERB;O;1;no;10000;1873;932062911;45.60558172755065
tohutu;ADJ;O;1;no;28033;1873;932062911;17.212567087123347
tempoga;NOUN;O;1;no;5708;1873;932062911;75.08409110287356
uued;ADJ;O;2;no;1;1873;932062911;1067.6601785596765
albumid;NOUN;O;1;no;10;1873;932062911;529.2248348988826
996.;ADJ;O;1;no;1;1873;932062911;534.3295534102907
plaatinumi;NOUN;O;1;no;10;1873;932062911;529.2248348988826
karrane;ADJ;O;1;no;1;1873;932062911;534.3295534102907
kauamängiv;ADJ;O;1;no;714;1873;932062911;302.8821591244369
Destiny;PROPN;O;1;no;866;1873;932062911;277.2778891596501
millel;PRON;O;2;yes;140814;1873;932062911;7.028019640948795
kõlas;VERB;O;1;no;16685;1873;932062911;28.30001181564923
Atlanta;PROPN;O;1;no;2673;1873;932062911;138.2952533275045
olümpiamängude;NOUN;O;1;no;7958;1873;932062911;56.080940430854035
ametlik;ADJ;O;1;no;27316;1873;932062911;17.6494611368269
laul;NOUN;O;1;no;35410;1873;932062911;13.718623782015163
viits;NOUN;O;1;no;26;1873;932062911;520.3865871584042
autoriks;NOUN;O;1;no;8154;1873;932062911;54.87119046190542
ise;PRON;O;1;yes;1;1873;932062911;534.3295534102907
ballaadimeister;NOUN;O;1;no;1;1873;932062911;534.3295534102907
Dajan;PROPN;O;1;no;114;1873;932062911;476.60908660046715
Vorn;PROPN;O;1;no;1;1873;932062911;534.3295534102907
kaldusid;VERB;O;1;no;489;1873;932062911;350.8381540881238
popplaadid;NOUN;O;1;no;1;1873;932062911;534.3295534102907
tantsumuusika;NOUN;O;1;no;1768;1873;932062911;184.64869337199522
suunas;ADP;O;1;no;115112;1873;932062911;4.296325688981683
stiililaineharjal;NOUN;O;1;no;1;1873;932062911;534.3295534102907
90.-te;ADJ;O;1;no;1;1873;932062911;534.3295534102907
lõpuni;NOUN;O;1;no;109397;1873;932062911;4.5188735894595204
järgnes;VERB;O;1;no;22646;1873;932062911;21.14520986818381
ülemaailmne;ADJ;O;1;no;7766;1873;932062911;57.31886440000662
sajandivahetus;NOUN;O;1;no;34;1873;932062911;516.0772480358019
märkis;VERB;O;1;no;103577;1873;932062911;4.770524915747379
katsetusi;NOUN;O;2;no;2512;1873;932062911;289.2496855919574
kinolinal;NOUN;O;1;no;991;1873;932062911;259.254695042234
filmis;NOUN;O;2;no;36410;1873;932062911;26.677532961689128
Musica;PROPN;O;1;no;449;1873;932062911;360.9995493813792
haat;NOUN;O;1;no;1;1873;932062911;534.3295534102907
peaosaliseks;ADJ;O;1;no;120;1873;932062911;473.89094637358215
Meryl;PROPN;O;1;no;577;1873;932062911;330.37926046963577
Streep;PROPN;O;1;no;415;1873;932062911;370.11121341632406
filmi;NOUN;O;2;no;1;1873;932062911;1067.6601785596765
tarvis;ADP;O;1;yes;71750;1873;932062911;6.8595065765927945
kirjutatud;ADJ;O;1;no;80718;1873;932062911;6.106095583561011
poistebändiga;NOUN;O;1;no;31;1873;932062911;517.6848602970817
N-Sync;PROPN;O;1;no;1;1873;932062911;534.3295534102907
esitatud;ADJ;O;1;no;124437;1873;932062911;3.976763301583164
duett;NOUN;O;2;no;1023;1873;932062911;509.5458097847735
muusikat;NOUN;O;1;no;53747;1873;932062911;9.117988897319561
kandideeris;VERB;O;1;no;5514;1873;932062911;77.34381364593166
Oscarile;PROPN;O;1;no;1710;1873;932062911;188.7022017767297
filmidega;NOUN;O;1;no;1;1873;932062911;534.3295534102907
ole;AUX;O;1;yes;1;1873;932062911;534.3295534102907
päris;ADV;O;1;yes;1;1873;932062911;534.3295534102907
lõpparvet;NOUN;O;1;no;213;1873;932062911;435.40235540677276
teinud;VERB;O;1;yes;303200;1873;932062911;1.6392980199665212
põhjust;NOUN;O;1;no;71179;1873;932062911;6.913822490089572
loota;VERB;O;1;no;36464;1873;932062911;13.331967317652687
neid;PRON;O;1;yes;1;1873;932062911;534.3295534102907
tuleb;VERB;O;1;yes;1;1873;932062911;534.3295534102907
50.-te;ADJ;O;1;no;1;1873;932062911;534.3295534102907
60.-te;ADJ;O;1;no;1;1873;932062911;534.3295534102907
koni;NOUN;O;1;no;1047;1873;932062911;251.91876709286467
Francise;PROPN;O;1;no;285;1873;932062911;409.6444678678864
elust;NOUN;O;2;no;57364;1873;932062911;17.088531616389787
pajatava;ADJ;O;1;no;185;1873;932062911;446.3160343333034
Hussari;PROPN;O;1;no;380;1873;932062911;379.9841336558715
näo;NOUN;O;1;no;28539;1873;932062911;16.917037910846723
teeb;VERB;O;1;yes;1;1873;932062911;534.3295534102907
filmindusest;NOUN;O;1;no;80;1873;932062911;492.6206494868142
rääkides;VERB;O;1;no;31923;1873;932062911;15.174619810921591
eestefanide;NOUN;O;1;no;1;1873;932062911;534.3295534102907
naiib;NOUN;O;1;no;1;1873;932062911;534.3295534102907
filminduse;NOUN;O;1;no;262;1873;932062911;417.53502595671506
kütkesse;NOUN;O;1;no;101;1873;932062911;482.6067059708194
Tiidi;PROPN;O;1;no;1;1873;932062911;534.3295534102907
ametitki;NOUN;O;1;no;15;1873;932062911;526.4308027984171
pidanud;ADJ;O;1;yes;139335;1873;932062911;3.554384601712777
noormees;NOUN;O;1;no;33230;1873;932062911;14.594056858838028
tudeeris;VERB;O;1;no;204;1873;932062911;438.85165487841175
Los;PROPN;O;1;no;20607;1873;932062911;23.14692568559794
Angelese;PROPN;O;1;no;3480;1873;932062911;112.9999953752554
filmikoolis;NOUN;O;1;no;141;1873;932062911;464.6168304090568
üritab;VERB;O;1;no;26879;1873;932062911;17.926790145843043
tasahilju;ADV;O;1;no;1538;1873;932062911;201.8422633359138
edendada;VERB;O;1;no;22768;1873;932062911;21.03636139746008
Emon;PROPN;O;1;no;1;1873;932062911;534.3295534102907
mäletab;VERB;O;1;no;10154;1873;932062911;44.97206019313161
mõningaid;PRON;O;1;yes;21254;1873;932062911;22.471904570826077
Ki;NOUN;O;1;no;1;1873;932062911;534.3295534102907
sünnipäevakingiks;NOUN;O;1;no;517;1873;932062911;344.0589671805738
saadud;ADJ;O;1;yes;118080;1873;932062911;4.189181132934171
pisipõnni;NOUN;O;1;no;224;1873;932062911;431.25947886960256
Ann;PROPN;O;1;no;7598;1873;932062911;58.44776219591656
ilmumisega;NOUN;O;1;no;813;1873;932062911;285.69920625534155
2003.;ADJ;O;1;no;1;1873;932062911;534.3295534102907
poja;NOUN;O;1;no;30011;1873;932062911;16.11227337036182
meisterdatud;ADJ;O;1;no;2198;1873;932062911;159.28213033234329
põhjalik;ADJ;O;1;no;16831;1873;932062911;28.067405437695903
dokumentaalema;NOUN;O;1;no;1;1873;932062911;534.3295534102907
ilmeksimatult;ADV;O;1;no;350;1873;932062911;388.87568173192074
isiklik;ADJ;O;1;no;35773;1873;932062911;13.582951478579902
Rapt;PROPN;O;1;no;1;1873;932062911;534.3295534102907
tõi;VERB;O;2;no;130231;1873;932062911;7.595081206983051
kloori;NOUN;O;1;no;1841;1873;932062911;179.78787519052278
võimed;NOUN;O;1;no;6741;1873;932062911;64.97575926604257
tõestusena;NOUN;O;1;no;127;1873;932062911;470.75870881700234
kõlab;VERB;O;1;no;43302;1873;932062911;11.271021826357138
pala;ADJ;O;1;no;7029;1873;932062911;62.62519139868355
räpp;NOUN;O;1;no;1028;1873;932062911;254.3607583921758
räppalbumi;NOUN;O;1;no;14;1873;932062911;526.9872465577881
ilmumist;NOUN;O;1;no;5987;1873;932062911;72.05644679797821
milleeniumi;NOUN;O;1;no;73;1873;932062911;496.05162331807094
austajatele;NOUN;O;1;no;1732;1873;932062911;187.1438870605319
hispaaniakeelse;ADJ;O;1;no;305;1873;932062911;403.02161200137687
plaadi;NOUN;O;1;no;18363;1873;932062911;25.83889416883466
Almakaribenja;PROPN;O;1;no;1;1873;932062911;534.3295534102907
Kariibi;PROPN;O;1;no;3876;1873;932062911;103.69312918050872
hing;NOUN;O;1;no;29596;1873;932062911;16.33130441298624
tantsumuusikamaailmast;NOUN;O;1;no;1;1873;932062911;534.3295534102907
rütmide;NOUN;O;1;no;864;1873;932062911;277.5866510492938
paar;NUM;O;1;no;1;1873;932062911;534.3295534102907
Grammy't;PROPN;O;1;no;9;1873;932062911;529.7872041397834
üks;PRON;O;1;yes;2;1873;932062911;533.7575046252273
neist;PRON;O;1;yes;1;1873;932062911;534.3295534102907
nume;NOUN;O;1;no;3;1873;932062911;533.1866793916028
tehes;VERB;O;1;yes;62647;1873;932062911;7.84162373132552
tekkererr;NOUN;O;1;no;1;1873;932062911;534.3295534102907
aga;CCONJ;O;1;yes;1;1873;932062911;534.3295534102907
säravamaid;ADJ;O;1;no;794;1873;932062911;288.84410027065104
esitusi;NOUN;O;1;no;2277;1873;932062911;155.36095812561518
sellel;DET;O;1;yes;240763;1873;932062911;2.062777296869829
albumil;NOUN;O;1;no;2677;1873;932062911;138.14197780226385
hea;ADJ;O;1;no;2;1873;932062911;533.7575046252273
sõbra;NOUN;O;1;no;27189;1873;932062911;17.729169417110295
suurepärase;ADJ;O;1;no;34155;1873;932062911;14.209313837495168
seljakruusiga;NOUN;O;1;no;1;1873;932062911;534.3295534102907
Dresk;PROPN;O;1;no;1;1873;932062911;534.3295534102907
rataste;NOUN;O;1;no;6247;1873;932062911;69.44681983137671
auguemendida;NOUN;O;1;no;1;1873;932062911;534.3295534102907
tilka;NOUN;O;1;no;5996;1873;932062911;71.96284083199426
püha;ADJ;O;1;no;47198;1873;932062911;10.358662723135367
vett;NOUN;O;1;no;101431;1873;932062911;4.870537031231799
2006.;ADJ;O;1;no;1;1873;932062911;534.3295534102907
kolmas;ADJ;O;1;no;99768;1873;932062911;4.950970973860982
pestoff;NOUN;O;1;no;1;1873;932062911;534.3295534102907
kogumik;NOUN;O;1;no;7607;1873;932062911;58.38615943396881
muljetavaldavalt;ADV;O;1;no;1050;1873;932062911;251.53746925560412
kogukas;ADJ;O;1;no;558;1873;932062911;334.5919724984926
kahel;NUM;O;1;no;62449;1873;932062911;7.866120661914751
Noventamiias;PROPN;O;1;no;1;1873;932062911;534.3295534102907
90;NUM;O;2;no;1;1873;932062911;1067.6601785596765
naturaalset;ADJ;O;1;no;3526;1873;932062911;111.83401815801244
hingerütmi;NOUN;O;1;no;1;1873;932062911;534.3295534102907
kummardav;ADJ;O;1;no;78;1873;932062911;493.5960751640111
tegi;VERB;O;1;yes;277360;1873;932062911;1.7915102691871603
mõnigi;DET;O;1;no;27265;1873;932062911;17.681383699854802
latiinomuusika;NOUN;O;1;no;11;1873;932062911;528.6636583021509
legend;NOUN;O;1;no;8578;1873;932062911;52.42479394764709
effellis;VERB;O;1;no;1;1873;932062911;534.3295534102907
janu;NOUN;O;1;no;5651;1873;932062911;75.73421297634259
Carlos;PROPN;O;2;no;1;1873;932062911;1067.6601785596765
Santana;PROPN;O;3;no;1;1873;932062911;1600.9908037090624
Arturo;PROPN;O;1;no;470;1873;932062911;355.59252343587303
Sandoval;PROPN;O;1;no;140;1873;932062911;465.05021619793337
kas;ADV;O;1;yes;1;1873;932062911;534.3295534102907
sa;PRON;O;1;yes;1;1873;932062911;534.3295534102907
isegi;ADV;O;1;yes;2;1873;932062911;533.7575046252273
andigassija;NOUN;O;1;no;1;1873;932062911;534.3295534102907
kaasamine;NOUN;O;1;no;10668;1873;932062911;42.97934350559108
muutis;VERB;O;1;no;28335;1873;932062911;17.034954619616144
rahutuks;ADJ;O;1;no;1646;1873;932062911;193.38670379651404
elavad;VERB;O;1;no;65245;1873;932062911;7.533774794581647
kuubalased;ADJ;O;1;no;174;1873;932062911;450.75472975364585
kuna;SCONJ;O;1;yes;974412;1873;932062911;0.5111663745102734
väidetavalt;ADV;O;1;no;2;1873;932062911;533.7575046252273
olla;AUX;O;1;yes;4;1873;932062911;532.6170737880414
režiimimeelne;ADJ;O;1;no;5;1873;932062911;532.0486839099065
Tseegeewara;PROPN;O;1;no;1;1873;932062911;534.3295534102907
austaja;NOUN;O;1;no;3451;1873;932062911;113.74764603243813
Emilia;PROPN;O;1;no;1877;1873;932062911;177.48377460184827
Klooria;PROPN;O;1;no;1;1873;932062911;534.3295534102907
tegid;VERB;O;1;yes;85378;1873;932062911;5.77641901445996
seepeale;ADV;O;1;no;13280;1873;932062911;35.08027593604675
ühise;ADJ;O;1;no;43058;1873;932062911;11.333538884611754
üheselt;ADV;O;1;no;10430;1873;932062911;43.879627532748465
mõistetava;ADJ;O;1;no;671;1873;932062911;311.0065644443918
avalduse;NOUN;O;1;no;30158;1873;932062911;16.036091337786868
teades;VERB;O;1;no;13795;1873;932062911;33.85353152568846
tundes;VERB;O;1;no;7404;1873;932062911;59.80798056123688
suhtumist;NOUN;O;1;no;17319;1873;932062911;27.316934414699183
toimuva;ADJ;O;1;no;23814;1873;932062911;20.14716806998486
aadressil;NOUN;O;1;no;58694;1873;932062911;8.36149603374801
absoluutselt;ADV;O;1;no;1;1873;932062911;534.3295534102907
välistatud;VERB;O;1;no;14667;1873;932062911;31.961092238865437
igasugune;DET;O;1;yes;29918;1873;932062911;16.160845116480022
koostöö;NOUN;O;1;no;99892;1873;932062911;4.9448819472632275
kellegiga;PRON;O;1;no;2418;1873;932062911;148.82200776030018
kastroveetsegi;ADJ;O;1;no;1;1873;932062911;534.3295534102907
vara;NOUN;O;1;no;1;1873;932062911;534.3295534102907
toetaja;NOUN;O;1;no;5911;1873;932062911;72.85671562903681
noventamiias;NOUN;O;1;no;1;1873;932062911;534.3295534102907
palju;ADV;O;1;yes;3;1873;932062911;533.1866793916028
maad;NOUN;O;1;no;44553;1873;932062911;10.961028887964106
lahutab;VERB;O;1;no;4804;1873;932062911;86.91729785289584
praegusest;ADJ;O;1;yes;9705;1873;932062911;46.870371333684766
kodust;NOUN;O;1;no;1;1873;932062911;534.3295534102907
Floridas;PROPN;O;1;no;2659;1873;932062911;138.83440666304045
veerubiitsil;NOUN;O;1;no;1;1873;932062911;534.3295534102907
kodusaarest;NOUN;O;1;no;74;1873;932062911;495.55856108717626
Kuubast;PROPN;O;1;no;181;1873;932062911;447.9199545786822
siit;ADV;O;1;yes;213017;1873;932062911;2.330288722721499
pealkiri;NOUN;O;1;no;7;1873;932062911;530.9155357945298
selline;ADJ;O;1;yes;532929;1873;932062911;0.9338817216221129
tänane;ADJ;O;1;no;36646;1873;932062911;13.2673972503355
unustamatut;ADJ;O;1;no;532;1873;932062911;340.53392432282976
saade;NOUN;O;1;no;23008;1873;932062911;20.825471110573215
naisest;NOUN;O;1;no;8043;1873;932062911;55.549815470071835
kel;PRON;O;1;yes;68658;1873;932062911;7.164285641988243
kahtekümmend;NUM;O;1;no;91;1873;932062911;487.3239789828876
nelja;NUM;O;1;no;99102;1873;932062911;4.983933212648834
albumit;NOUN;O;1;no;5466;1873;932062911;77.92406787391401
70;NUM;O;1;no;1;1873;932062911;534.3295534102907
pukk;NOUN;O;1;no;674;1873;932062911;310.42562848793403
vallutamist;NOUN;O;1;no;1223;1873;932062911;231.3450275597712
rütmika;NOUN;O;1;no;503;1873;932062911;347.41549287962596
veres;NOUN;O;1;no;7485;1873;932062911;59.23242986419634
saatejuht;NOUN;O;1;no;20537;1873;932062911;23.22239636658242
Maian;PROPN;O;1;no;605;1873;932062911;324.3608865781394
Kärmas;PROPN;O;1;no;2096;1873;932062911;164.64753315633334
tähendab;VERB;O;1;no;307512;1873;932062911;1.6163808887519215
kuulamast;VERB;O;1;no;432;1873;932062911;365.4986031200256
soovin;VERB;O;1;no;52216;1873;932062911;9.380644584793489
teile;PRON;O;1;yes;136281;1873;932062911;3.6334958054373945
tantsijat;NOUN;O;1;no;1213;1873;932062911;232.42352752531264
