lemma;upos;ner tag;fc_count;stopword;rfc_count;fcTotalCount;rfcTotalCount;simpleMathsScore
tere;INTJ;O;1;yes;156408;2772;932020281;2.1428665909427056
õhtu;NOUN;O;2;no;324267;2772;932020281;2.0706868209318166
,;PUNCT;O;188;no;1;2772;932020281;67749.37693834833
kell;NOUN;O;1;no;871096;2772;932020281;0.3866374302625706
saama;VERB;O;10;yes;7285159;2772;932020281;0.4615916184540498
kuu;NOUN;O;2;no;565905;2772;932020281;1.187969912660231
uudistetoimetus;NOUN;O;1;no;798;2772;932020281;194.88712160271064
tegema;VERB;O;8;yes;3824221;2772;932020281;0.7034346670038721
kokkuvõte;NOUN;O;1;no;119568;2772;932020281;2.7979968143753458
kolmas;ADJ;O;1;no;379744;2772;932020281;0.8856840329199759
veebruar;NOUN;O;3;no;169013;2772;932020281;5.940815308408793
.;PUNCT;O;150;no;1;2772;932020281;54055.55585119311
stuudio;NOUN;O;2;no;41667;2772;932020281;15.80753080784227
olema;AUX;O;131;yes;44175299;2772;932020281;0.9970661256801026
toimetaja;NOUN;O;4;no;31005;2772;932020281;42.140394402143954
janek;PROPN;O;2;no;10919;2772;932020281;56.82087360489981
salme;PROPN;O;2;no;14614;2772;932020281;43.315608323166906
eesti;PROPN;O;21;no;3051164;2772;932020281;2.31371872899867
elanik;NOUN;O;2;no;171564;2772;932020281;3.9037731095409907
rahulolu;NOUN;O;2;no;21948;2772;932020281;29.43115072476562
oma;PRON;O;11;yes;4547218;2772;932020281;0.8133911991372408
elu;NOUN;O;3;no;958923;2772;932020281;1.0518379929686061
viimane;ADJ;O;6;no;977416;2772;932020281;2.062959084115818
paar;NUM;O;2;no;441826;2772;932020281;1.5208879221395826
aasta;NOUN;O;25;no;4056916;2772;932020281;2.0716888097336676
jooksul;ADP;O;4;yes;563451;2772;932020281;2.384619278589445
langema;VERB;O;7;no;172488;2772;932020281;13.576971013194955
ja;CCONJ;O;70;yes;30008401;2772;932020281;0.784315922189689
jääma;VERB;O;5;no;1700286;2772;932020281;0.9887417504489968
alla;ADP;O;1;yes;636821;2772;932020281;0.528666524746284
euroopa;PROPN;O;21;no;875787;2772;932020281;8.05468064621558
liit;PROPN;O;7;no;470171;2772;932020281;4.99788472393663
keskmine;ADJ;O;5;no;236992;2772;932020281;7.069758157589178
näitaja;NOUN;O;1;no;56531;2772;932020281;5.867402570029603
avaldatud;ADJ;O;1;no;49742;2772;932020281;6.653481823797958
eurobaromeeter;NOUN;O;2;no;1041;2772;932020281;341.296707368111
küsitlus;NOUN;O;3;no;37052;2772;932020281;26.579913621682277
tulemus;NOUN;O;6;no;584344;2772;932020281;3.448444607206703
näitama;VERB;O;5;no;578982;2772;932020281;2.9005425363797213
et;SCONJ;O;71;yes;12219169;2772;932020281;1.9535864977773831
kasvama;VERB;O;1;no;318848;2772;932020281;1.05434564855594
ka;ADV;O;28;yes;7949676;2772;932020281;1.1842211650971954
mure;NOUN;O;2;no;177332;2772;932020281;3.7774606699340603
seoses;ADP;O;1;no;190378;2772;932020281;1.7623680786985292
majandus;NOUN;O;3;no;139389;2772;932020281;7.195015943095398
olukord;NOUN;O;6;no;489856;2772;932020281;4.112349634593454
keskkonnarikkumine;NOUN;O;2;no;105;2772;932020281;649.3463414490399
hulk;NOUN;O;2;no;166154;2772;932020281;4.030171550817519
vähenema;VERB;O;7;no;87372;2772;932020281;26.663775680544298
aga;CCONJ;O;10;yes;4573369;2772;932020281;0.7352376967199294
trahv;NOUN;O;3;no;31018;2772;932020281;31.599728863821802
rikkumine;NOUN;O;11;no;65446;2772;932020281;55.7326835478302
eest;ADP;O;4;yes;1111793;2772;932020281;1.2094979497546856
suurenema;VERB;O;1;no;78779;2772;932020281;4.2297623551905295
kõige;ADV;O;4;yes;1014102;2772;932020281;1.325904948779974
enam;ADV;O;2;yes;917897;2772;932020281;0.7328733753640778
mööduma;VERB;O;1;no;78073;2772;932020281;4.267560107942739
taast;NOUN;O;1;no;19;2772;932020281;354.52311545225876
kalapüük;NOUN;O;3;no;10237;2772;932020281;90.3939604972061
valdkond;NOUN;O;7;no;211022;2772;932020281;11.108629057100655
selguma;VERB;O;2;no;197232;2772;932020281;3.398121033883614
keskkonnainspektsioon;NOUN;O;3;no;4532;2772;932020281;184.77456637266235
ülevaade;NOUN;O;2;no;143378;2772;932020281;4.6662409454630485
komisjon;PROPN;O;4;no;322389;2772;932020281;4.162546033972474
teatama;VERB;O;4;no;302888;2772;932020281;4.429723325756671
vene;PROPN;O;2;no;243755;2772;932020281;2.752027159848878
gazprom;PROPN;O;5;no;2799;2772;932020281;450.8325220942461
gaasitarne;NOUN;O;4;no;789;2772;932020281;782.0004479485913
kaheksas;ADJ;O;2;no;19051;2772;932020281;33.69787529646181
ühendus;NOUN;O;2;no;234497;2772;932020281;2.8602477497127397
riik;NOUN;O;17;no;941668;2772;932020281;6.06491087569954
austria;PROPN;O;3;no;39255;2772;932020281;25.12283744885016
näiteks;ADV;O;3;no;261356;2772;932020281;3.849249298506156
pärane;ADJ;O;1;no;1056;2772;932020281;169.59518778591504
kogus;NOUN;O;2;no;135848;2772;932020281;4.923126375419499
30;NUM;O;2;no;1;2772;932020281;721.7263538516856
itaalia;PROPN;O;4;no;131611;2772;932020281;10.153975877547857
24;NUM;O;4;no;1;2772;932020281;1442.4537794914345
protsent;NOUN;O;8;no;264843;2772;932020281;10.124146498852056
vähem;ADV;O;3;no;309801;2772;932020281;3.249129999638282
gaas;NOUN;O;3;no;46675;2772;932020281;21.20720793097283
peaminister;NOUN;O;2;no;97239;2772;932020281;6.859308618249454
lukas;PROPN;O;1;no;7537;2772;932020281;39.81082364802081
papadima;VERB;O;1;no;1;2772;932020281;361.36264103181117
kinnitama;VERB;O;2;no;274341;2772;932020281;2.4462452760114677
erasektor;NOUN;O;3;no;19468;2772;932020281;49.49073403684464
esindaja;NOUN;O;3;no;168757;2772;932020281;5.949777872494756
peetav;ADJ;O;2;yes;21790;2772;932020281;29.635803381395863
kõnelus;NOUN;O;2;no;11272;2772;932020281;55.17733582630755
kreeka;PROPN;O;8;no;63826;2772;932020281;41.550764359139706
võlakoorem;NOUN;O;2;no;1474;2772;932020281;279.87516597155616
vähendamine;NOUN;O;2;no;60593;2772;932020281;10.944902129252258
lõpusirgel;NOUN;O;2;no;1;2772;932020281;721.7263538516856
omavalitsus;NOUN;O;15;no;139574;2772;932020281;35.90117917476993
soovima;VERB;O;2;no;580290;2772;932020281;1.158568158085696
muudatus;NOUN;O;2;no;126413;2772;932020281;5.28788109648819
gümnaasium;NOUN;O;5;no;97941;2772;932020281;17.012378892518246
võrk;NOUN;O;2;no;71896;2772;932020281;9.24623960499835
järk-järgult;ADV;O;1;no;14694;2772;932020281;21.576746146193145
samas;ADV;O;3;yes;389430;2772;932020281;2.5863478658770234
ei;AUX;O;18;yes;10371475;2772;932020281;0.5835686697599594
tema;PRON;O;11;yes;9154483;2772;932020281;0.40406963427190273
seas;ADP;O;2;yes;175329;2772;932020281;3.820387085030351
üksmeel;NOUN;O;1;no;7628;2772;932020281;39.38760210963133
kas;ADV;O;5;yes;2001493;2772;932020281;0.8400141160001932
koolivõrgupidaja;NOUN;O;1;no;1;2772;932020281;361.36264103181117
pidama;AUX;O;8;yes;3575612;2772;932020281;0.7523310843658555
jätkama;VERB;O;3;no;242503;2772;932020281;4.147357175265089
või;CCONJ;O;12;yes;4123906;2772;932020281;0.9783782615480514
tulema;VERB;O;10;yes;3338518;2772;932020281;1.0071115081315178
looma;VERB;O;4;no;409823;2772;932020281;3.2764995294516766
riigigümnaasium;NOUN;O;1;no;6498;2772;932020281;45.377894020098786
tallinn;PROPN;O;2;no;826987;2772;932020281;0.8133468479166654
börs;NOUN;O;2;no;25739;2772;932020281;25.247827731416557
noteeritud;ADJ;O;2;no;1;2772;932020281;721.7263538516856
rõivafirma;NOUN;O;2;no;170;2772;932020281;611.0462185548517
baltika;PROPN;O;4;no;3250;2772;932020281;321.8154241826859
hoiatama;VERB;O;1;no;44851;2772;932020281;7.364273278806025
lõpetama;VERB;O;4;no;317669;2772;932020281;4.224213185141738
eelmine;ADJ;O;5;yes;443560;2772;932020281;3.784241800796876
neljas;ADJ;O;4;no;112038;2772;932020281;11.91323704574887
kvartal;NOUN;O;4;no;59211;2772;932020281;22.377303706774082
suur;ADJ;O;7;no;1643508;2772;932020281;1.431805696422105
kahjum;NOUN;O;3;no;11904;2772;932020281;78.65459511369306
kultuuriministeerium;NOUN;O;2;no;13066;2772;932020281;48.105754382268934
tunnustama;VERB;O;2;no;52363;2772;932020281;12.635051491215423
tiitel;NOUN;O;5;no;70424;2772;932020281;23.572857295628875
kultuurisõber;NOUN;O;5;no;521;2772;932020281;1157.633726977561
2011;NUM;O;4;no;1;2772;932020281;1442.4537794914345
nordea;PROPN;O;3;no;2348;2772;932020281;307.8066266606745
pank;PROPN;O;3;no;131427;2772;932020281;7.627829035979473
osaühing;NOUN;O;2;no;12723;2772;932020281;49.31412122563989
nordic;PROPN;O;3;no;7441;2772;932020281;120.57918698276801
hotels;PROPN;O;3;no;5363;2772;932020281;160.38264104096342
ning;CCONJ;O;7;yes;5768641;2772;932020281;0.4080923458610017
kunstimuuseum;NOUN;O;3;no;13141;2772;932020281;71.74095950364585
kunstisõber;NOUN;O;3;no;486;2772;932020281;711.9869804409431
selts;NOUN;O;3;no;90519;2772;932020281;11.03992033080648
asutaja;NOUN;O;3;no;25287;2772;932020281;38.506853698299246
enn;PROPN;O;4;no;24203;2772;932020281;53.54436223343545
kunila;PROPN;O;6;no;1161;2772;932020281;964.29640657907
14;NUM;O;5;no;1;2772;932020281;1802.817492311309
klaasikunstnik;NOUN;O;4;no;944;2772;932020281;717.3902352234808
raplamaa;PROPN;O;3;no;15582;2772;932020281;61.136656059142915
kaasaegne;ADJ;O;3;no;76622;2772;932020281;13.018177193330532
kunst;NOUN;O;4;no;105064;2772;932020281;12.697067560675716
keskus;NOUN;O;2;no;240481;2772;932020281;2.789349657661372
uus;ADJ;O;3;no;1948565;2772;932020281;0.5178833142959524
valgusinstallatsioon;NOUN;O;2;no;637;2772;932020281;429.17566689872837
öösel;ADV;O;2;no;80969;2772;932020281;8.22194062009777
külm;ADJ;O;2;no;157422;2772;932020281;4.252404355007089
27;NUM;O;2;no;1;2772;932020281;721.7263538516856
kuni;CCONJ;O;11;yes;832158;2772;932020281;4.440606787732997
32;NUM;O;2;no;1;2772;932020281;721.7263538516856
kraad;NOUN;O;8;no;86812;2772;932020281;30.6658531537889
saar;NOUN;O;7;no;214228;2772;932020281;10.943104510716283
21;NUM;O;2;no;1;2772;932020281;721.7263538516856
homme;ADV;O;1;no;108510;2772;932020281;3.0807058569708805
päev;NOUN;O;2;no;1364591;2772;932020281;0.4931336311981285
20;NUM;O;2;no;1;2772;932020281;721.7263538516856
25;NUM;O;2;no;1;2772;932020281;721.7263538516856
briti;PROPN;O;1;no;45492;2772;932020281;7.262591021579229
17;NUM;O;2;no;1;2772;932020281;721.7263538516856
esindus;NOUN;O;2;no;42032;2772;932020281;15.673238236822934
tutvustama;VERB;O;1;no;135198;2772;932020281;2.4767400473638266
täna;ADV;O;2;no;620316;2772;932020281;1.0839234951142744
viima;VERB;O;1;no;562042;2772;932020281;0.5988885112497997
läbi;ADV;O;1;yes;954418;2772;932020281;0.3529163821854875
mullu;ADV;O;1;no;65378;2772;932020281;5.084581055014541
november;NOUN;O;2;no;175446;2772;932020281;3.8178528390498347
kõik;DET;O;6;yes;3161580;2772;932020281;0.6381926528412319
liikmesriik;NOUN;O;1;no;271744;2772;932020281;1.2364808336682906
liis;PROPN;O;2;no;33411;2772;932020281;19.607632641685573
lass;PROPN;O;1;no;4060;2772;932020281;67.5395238600399
eestlane;NOUN;O;6;no;236274;2772;932020281;8.508603337615538
halvenema;VERB;O;1;no;10767;2772;932020281;28.819393827872158
majandusolukord;NOUN;O;1;no;2003;2772;932020281;114.87439288273954
tõttu;ADP;O;1;yes;362767;2772;932020281;0.9270266183777678
veidi;ADV;O;4;no;286148;2772;932020281;4.688026109769934
möödunud;ADJ;O;5;no;119643;2772;932020281;13.950362847528126
olema;VERB;O;4;yes;44175299;2772;932020281;0.030465220766632294
rahul;ADV;O;1;no;112159;2772;932020281;2.9813036617819546
69;NUM;O;1;no;1;2772;932020281;361.36264103181117
mis;PRON;O;15;yes;9028438;2772;932020281;0.5586582228784391
madalam;ADJ;O;1;no;66469;2772;932020281;5.002278474016601
kui;SCONJ;O;17;yes;8931430;2772;932020281;0.6400082197135356
keskmiselt;ADV;O;1;no;81423;2772;932020281;4.093966241863557
majanduskriis;NOUN;O;2;no;12418;2772;932020281;50.44077172183624
muutma;VERB;O;1;no;493755;2772;932020281;0.6815595701033036
inimene;NOUN;O;12;no;2532682;2772;932020281;1.592843984579088
hoiak;NOUN;O;1;no;30967;2772;932020281;10.569562008749978
nii;ADV;O;13;yes;3438422;2772;932020281;1.271133613541198
kui;CCONJ;O;5;yes;8931430;2772;932020281;0.18831136483819957
ise;PRON;O;7;yes;3519608;2772;932020281;0.6687947232239919
majanduslik;ADJ;O;4;no;66233;2772;932020281;20.037790877453638
tulevik;NOUN;O;3;no;242274;2772;932020281;4.151262279226078
suhtes;ADP;O;2;yes;247597;2772;932020281;2.709483684096289
oluliselt;ADV;O;2;no;122495;2772;932020281;5.455736709374845
kriitilisem;ADJ;O;2;no;3301;2772;932020281;159.0791635226293
see;DET;O;22;yes;18819336;2772;932020281;0.3930825198372176
kes;PRON;O;16;yes;3572087;2772;932020281;1.5058857597170832
varem;ADV;O;2;no;345298;2772;932020281;1.9449073911305732
lähitulevik;NOUN;O;2;no;10719;2772;932020281;57.79625382456282
optimistlik;ADJ;O;1;no;10409;2772;932020281;29.729130583009013
tõdema;VERB;O;1;no;97166;2772;932020281;3.4369569529804753
tns;PROPN;O;1;no;865;2772;932020281;187.6209614566963
emori;PROPN;O;1;no;325;2772;932020281;268.22055139013514
uuringujuht;NOUN;O;1;no;371;2772;932020281;258.7516693290844
aivar;PROPN;O;2;no;25216;2772;932020281;25.75282251731726
voog;PROPN;O;2;no;9902;2772;932020281;62.15470416432066
see;PRON;O;57;yes;18819336;2772;932020281;1.0183622888728014
tähendama;VERB;O;2;no;444609;2772;932020281;1.5113879414539768
nägema;VERB;O;2;no;1467770;2772;932020281;0.4584900927330171
väga;ADV;O;11;yes;2228455;2772;932020281;1.6593911982075413
negatiivselt;ADV;O;1;no;7631;2772;932020281;39.3738029123328
vaid;ADV;O;2;yes;1233871;2772;932020281;0.5453382559127246
uskuma;VERB;O;1;no;337650;2772;932020281;0.9957961518410926
sama;PRON;O;2;yes;1115714;2772;932020281;0.6030427845937697
praegune;ADJ;O;2;yes;311286;2772;932020281;2.1567791790805355
hetk;NOUN;O;1;no;670517;2772;932020281;0.5021359220053704
siis;ADV;O;20;yes;4827992;2772;932020281;1.3927460949857087
toimuma;VERB;O;2;no;894727;2772;932020281;0.7518322377466151
liikumine;NOUN;O;1;no;154491;2772;932020281;2.1692968793736616
hulgas;ADP;O;1;yes;147365;2772;932020281;2.273536394996601
otseselt;ADV;O;1;no;66125;2772;932020281;5.027939975047377
asi;NOUN;O;4;no;1426594;2772;932020281;0.9427769522587687
läbi;ADP;O;2;yes;954418;2772;932020281;0.7048571844670505
roos;ADJ;O;1;no;26054;2772;932020281;12.493827150785377
prill;NOUN;O;1;no;26382;2772;932020281;12.343795216148928
muutuma;VERB;O;5;no;460296;2772;932020281;3.64692778691812
nagu;SCONJ;O;6;yes;1703742;2772;932020281;1.183975300763203
ettevaatlikum;ADJ;O;1;no;2963;2772;932020281;86.56146786271447
arvama;VERB;O;13;no;778296;2772;932020281;5.610525276632989
jabe;PROPN;O;1;no;27;2772;932020281;351.56573803302354
enam-vähem;ADV;O;1;no;34786;2772;932020281;9.43945577682961
vähemalt;ADV;O;1;yes;456892;2772;932020281;0.7364372727133534
lootma;VERB;O;1;no;292518;2772;932020281;1.1489475194295382
vaatama;VERB;O;3;no;1204593;2772;932020281;0.8374873694764741
hinnang;NOUN;O;4;no;168497;2772;932020281;7.943377282348215
leibkond;NOUN;O;1;no;6937;2772;932020281;42.846334211703955
osas;ADP;O;5;no;177212;2772;932020281;9.44216528073614
võima;AUX;O;8;yes;3045930;2772;932020281;0.8831201489104729
drastiliselt;ADV;O;2;no;3018;2772;932020281;170.47642228948982
erinema;VERB;O;1;no;56539;2772;932020281;5.866585824123044
uuring;NOUN;O;1;no;214027;2772;932020281;1.5684788311635403
ebastabiilselt;ADV;O;1;no;231;2772;932020281;289.8992204920996
sõltuvalt;ADV;O;1;no;34796;2772;932020281;9.436813745252548
aga;ADV;O;7;yes;4573369;2772;932020281;0.5147275131268426
palju;ADV;O;3;yes;2035102;2772;932020281;0.49587186069408984
meediakajastus;NOUN;O;1;no;2885;2772;932020281;88.33033310215272
sest;SCONJ;O;3;yes;1381737;2772;932020281;0.7301906409011928
meedia;NOUN;O;1;no;108461;2772;932020281;3.082085785842063
kirjeldus;NOUN;O;1;no;127454;2772;932020281;2.6261322855904363
negatiivne;ADJ;O;1;no;84560;2772;932020281;3.943744360821167
toetus;NOUN;O;7;no;235979;2772;932020281;9.938408883090897
ühine;ADJ;O;4;no;171434;2772;932020281;7.808027524662661
rahapoliitika;NOUN;O;3;no;2988;2772;932020281;257.552743532147
tervik;NOUN;O;2;no;61090;2772;932020281;10.85719753121444
põhjendama;VERB;O;1;no;37531;2772;932020281;8.765787772650619
sõltuma;VERB;O;2;no;145077;2772;932020281;4.611943318158351
suuresti;ADV;O;1;no;36375;2772;932020281;9.037405569753135
kuuluma;VERB;O;2;no;324317;2772;932020281;2.0703684976330803
euroala;NOUN;O;2;no;10125;2772;932020281;60.90115676399067
mitte;ADV;O;4;yes;1399096;2772;932020281;0.9612940678147904
negatiivsem;ADJ;O;1;no;1175;2772;932020281;160.01681422752412
suhtumine;NOUN;O;2;no;69891;2772;932020281;9.508000686839633
just;ADV;O;6;yes;812006;2772;932020281;2.4827131780203526
mittekuuluv;ADJ;O;1;no;2829;2772;932020281;89.64553437312415
euro;NOUN;O;12;no;565123;2772;932020281;7.129433901048099
kasutatav;ADJ;O;1;no;81444;2772;932020281;4.0929225729561995
püsima;VERB;O;1;no;121341;2772;932020281;2.7574249176438617
stabiilne;ADJ;O;2;no;35680;2772;932020281;18.392465652196258
kreeklane;NOUN;O;1;no;7824;2772;932020281;38.50592644354824
puhul;ADP;O;3;yes;590898;2772;932020281;1.7059154545655617
ühisraha;NOUN;O;1;no;1198;2772;932020281;158.28894958695585
varasem;ADJ;O;2;no;125439;2772;932020281;5.32863724593232
võrdlema;VERB;O;2;no;254702;2772;932020281;2.6341772692680006
veelgi;ADV;O;1;yes;149700;2772;932020281;2.2382935065827447
positiivsem;ADJ;O;1;no;4980;2772;932020281;57.02934984204304
peipsi;PROPN;O;1;no;15107;2772;932020281;21.02115135285442
kevad;NOUN;O;1;no;161443;2772;932020281;2.076419589016394
tõus;NOUN;O;3;no;63360;2772;932020281;15.703534803549717
kasutus;NOUN;O;1;no;174573;2772;932020281;1.9210770856501993
harjuma;VERB;O;2;no;67320;2772;932020281;9.866159605289548
tõusma;VERB;O;1;no;219137;2772;932020281;1.532058771597629
sügis;NOUN;O;1;no;134976;2772;932020281;2.480785697424639
kiire;ADJ;O;1;no;224562;2772;932020281;1.4952000609960805
tasanduma;VERB;O;1;no;347;2772;932020281;263.60697940989303
kohe;ADV;O;3;yes;544479;2772;932020281;1.8511030040299656
sarnane;ADJ;O;1;no;172201;2772;932020281;1.94739670301589
juba;ADV;O;3;yes;1852141;2772;932020281;0.5448311896096302
suhteliselt;ADV;O;2;no;101296;2772;932020281;6.587091519769555
kolmnel;NUM;O;1;no;11;2772;932020281;357.5306699882127
ehk;CCONJ;O;1;yes;980699;2772;932020281;0.3434678264159665
peaaegu;ADV;O;2;yes;178114;2772;932020281;3.760962262210435
kaks;NUM;O;4;no;1334057;2772;932020281;1.0081271158225156
kolmandik;NUM;O;2;no;37970;2772;932020281;17.30977775991472
toetama;VERB;O;4;no;333423;2772;932020281;4.025178475081772
teadmine;NOUN;O;1;no;214857;2772;932020281;1.562445913324762
küsimus;NOUN;O;3;no;625828;2772;932020281;1.6108429788175718
liit;NOUN;O;5;no;470171;2772;932020281;3.5704829110726295
madal;ADJ;O;2;no;127245;2772;932020281;5.253557338121572
vastanu;NOUN;O;1;no;12731;2772;932020281;24.676730762616263
hindama;VERB;O;2;no;270241;2772;932020281;2.483231277130805
hästi;ADV;O;4;no;574427;2772;932020281;2.3391284106631636
üsna;ADV;O;3;yes;309327;2772;932020281;3.2540938766544394
informeeritud;ADJ;O;1;no;4032;2772;932020281;67.9204865799787
kuigi;SCONJ;O;2;yes;499311;2772;932020281;1.3461163837879169
usaldus;NOUN;O;2;no;40184;2772;932020281;16.377687355772157
institutsioon;NOUN;O;3;no;40838;2772;932020281;24.170732292712138
vastu;ADP;O;2;yes;1054528;2772;932020281;0.6380017362443788
paistma;VERB;O;1;no;174559;2772;932020281;1.9212303418063037
teine;DET;O;1;yes;2488232;2772;932020281;0.1354505649813872
silm;NOUN;O;2;no;539388;2772;932020281;1.2462712840542223
kõrge;ADJ;O;1;no;222215;2772;932020281;1.5109261707991095
juht;NOUN;O;1;no;825155;2772;932020281;0.4081394146148373
hannes;PROPN;O;1;no;16412;2772;932020281;19.439476396816293
rumm;PROPN;O;1;no;10279;2772;932020281;30.073861649310007
mina;PRON;O;19;yes;11806985;2772;932020281;0.5410978421221663
siin;ADV;O;6;yes;862092;2772;932020281;2.338627765202017
põhjus;NOUN;O;3;no;402086;2772;932020281;2.5051286227084004
esiteks;ADV;O;2;no;64142;2772;932020281;10.347990220490756
oluline;ADJ;O;5;no;608035;2772;932020281;2.762161541181402
tugi;NOUN;O;1;no;75593;2772;932020281;4.405861921242954
majandusraskus;NOUN;O;1;no;1424;2772;932020281;143.10516577357197
ületamine;NOUN;O;1;no;16910;2772;932020281;18.89688878099996
mõtlema;VERB;O;1;no;868033;2772;932020281;0.38800028195539393
peale;ADP;O;1;yes;1213606;2772;932020281;0.2776024029288077
iga;DET;O;2;yes;1391258;2772;932020281;0.4836877981210417
600;NUM;O;1;no;1;2772;932020281;361.36264103181117
riigieelarve;NOUN;O;1;no;23678;2772;932020281;13.70005668539427
loomulikult;ADV;O;1;no;169880;2772;932020281;1.9738580008816036
aru;NOUN;O;2;no;423712;2772;932020281;1.58576429506815
teiseks;ADV;O;1;yes;35853;2772;932020281;9.165651406546866
ära;ADV;O;1;yes;1434107;2772;932020281;0.23494739035903175
tundma;VERB;O;1;no;633313;2772;932020281;0.5315905716201377
koduselt;ADV;O;1;no;3399;2772;932020281;77.84740107486986
oskama;VERB;O;1;no;442667;2772;932020281;0.760052789712718
euroopalik;ADJ;O;1;no;5618;2772;932020281;51.47444716414346
väärtus;NOUN;O;1;no;204922;2772;932020281;1.6378532341421645
kuna;SCONJ;O;1;yes;980678;2772;932020281;0.343475174369029
räsima;VERB;O;1;no;3644;2772;932020281;73.67945336219601
tõsine;ADJ;O;1;no;98118;2772;932020281;3.403923309878182
usalduskriis;NOUN;O;1;no;410;2772;932020281;251.23217409737683
alati;ADV;O;4;yes;548893;2772;932020281;2.447758070345344
suutma;VERB;O;2;no;607518;2772;932020281;1.1067224965574265
otsus;NOUN;O;2;no;392936;2772;932020281;1.709672506529947
õigeaegselt;ADV;O;1;no;11264;2772;932020281;27.644974763091952
tekkinud;ADJ;O;1;no;19;2772;932020281;354.52311545225876
probleem;NOUN;O;1;no;551820;2772;932020281;0.60996370977894
piisavalt;ADV;O;1;no;200809;2772;932020281;1.6712450071323262
kiiresti;ADV;O;1;no;218763;2772;932020281;1.5346668870653564
reageerima;VERB;O;1;no;58637;2772;932020281;5.659966729148002
siiski;ADV;O;1;yes;567432;2772;932020281;0.5932090365461749
vähendama;VERB;O;2;no;187773;2772;932020281;3.5684547473780475
usaldusväärsus;NOUN;O;1;no;15094;2772;932020281;21.038203307288242
keskkonnaministeerium;NOUN;O;1;no;12099;2772;932020281;25.873543713994515
andma;VERB;O;3;no;1683851;2772;932020281;0.5992534147838322
tegevus;NOUN;O;1;no;517417;2772;932020281;0.6504472077435913
kohal;ADV;O;2;yes;92968;2772;932020281;7.171301171827968
uku;PROPN;O;1;no;15958;2772;932020281;19.962005211899044
toom;PROPN;O;1;no;17885;2772;932020281;17.91775041125081
minister;NOUN;O;2;no;76277;2772;932020281;8.721588786194136
keit;PROPN;O;2;no;4775;2772;932020281;117.99245356068943
pentus;PROPN;O;2;no;1080;2772;932020281;334.6811818125034
nentima;VERB;O;1;no;55225;2772;932020281;6.003856173125266
algus;NOUN;O;2;no;555196;2772;932020281;1.210845886052563
hea;ADJ;O;2;no;1655352;2772;932020281;0.4065639209400576
poolest;ADP;O;1;yes;112725;2772;932020281;2.9664570832917154
suurem;ADJ;O;2;no;679318;2772;932020281;0.9899085709657764
keskkonnaalane;ADJ;O;2;no;5346;2772;932020281;107.26077574386943
õnnetus;NOUN;O;1;no;75374;2772;932020281;4.418506844372203
kahju;NOUN;O;5;no;146693;2772;932020281;11.39417478193229
tekitamine;NOUN;O;1;no;14816;2772;932020281;21.409590974757943
arv;NOUN;O;1;no;294083;2772;932020281;1.1428525658024498
nüüd;ADV;O;4;yes;1119295;2772;932020281;1.2013981151186814
2011.;ADJ;O;1;no;1;2772;932020281;361.36264103181117
selline;DET;O;5;yes;1661084;2772;932020281;1.012063218851298
poolt;ADP;O;2;yes;608747;2772;932020281;1.1044915489554539
suurus;NOUN;O;1;no;232713;2772;932020281;1.4430381288371088
puudutama;VERB;O;2;no;117116;2772;932020281;5.70433391320657
siduma;VERB;O;1;no;61677;2772;932020281;5.385145325149264
kaevandamine;NOUN;O;4;no;8069;2772;932020281;149.52067528516775
kokku;ADV;O;2;yes;904646;2772;932020281;0.7435972499275705
tekitama;VERB;O;2;no;260670;2772;932020281;2.574083047036441
keskkond;NOUN;O;2;no;192825;2772;932020281;3.4754112367088155
ligi;ADV;O;2;yes;200613;2772;932020281;3.3411161661893285
300000;NUM;O;1;no;1;2772;932020281;361.36264103181117
ulatus;NOUN;O;1;no;88011;2772;932020281;3.790726600167258
125000;NUM;O;1;no;1;2772;932020281;361.36264103181117
moodustama;VERB;O;2;no;138627;2772;932020281;4.825093527598244
seesama;DET;O;1;yes;50200;2772;932020281;6.593885221540648
maapõud;NOUN;O;1;no;1;2772;932020281;361.36264103181117
ehk;ADV;O;1;yes;980699;2772;932020281;0.3434678264159665
konkreetselt;ADV;O;1;no;25130;2772;932020281;12.936781924162705
seotud;ADJ;O;2;no;464937;2772;932020281;1.4454391602807948
tegu;NOUN;O;1;no;298039;2772;932020281;1.1277302815554175
üle;ADP;O;3;yes;1448447;2772;932020281;0.6965824425121512
luba;NOUN;O;2;no;88629;2772;932020281;7.518732182405263
ehkki;SCONJ;O;1;yes;78718;2772;932020281;4.233001720387881
arvuliselt;ADV;O;2;no;1813;2772;932020281;245.31160302775382
ütlema;VERB;O;13;no;1762423;2772;932020281;2.4792956913183324
pahategu;NOUN;O;1;no;1229;2772;932020281;156.01828258751203
vähe;ADV;O;1;no;199626;2772;932020281;1.68110291678195
üks;DET;O;8;yes;3227082;2772;932020281;0.833560580640226
kus;ADV;O;3;yes;1609423;2772;932020281;0.6269499367270174
ainuüksi;ADV;O;1;no;25805;2772;932020281;12.610181289273886
küündima;VERB;O;1;no;12403;2772;932020281;25.283701544780772
väga-väga;ADV;O;1;no;12345;2772;932020281;25.394152132228907
tegemine;NOUN;O;1;no;592232;2772;932020281;0.5684071544303718
põhiliselt;ADV;O;1;no;30467;2772;932020281;10.737872387770716
ebamäärane;ADJ;O;1;no;6792;2772;932020281;43.650671620809355
kuuluvus;NOUN;O;1;no;6566;2772;932020281;44.96635915119668
leidmine;NOUN;O;1;no;70671;2772;932020281;4.708721385707641
ju;ADV;O;3;yes;846605;2772;932020281;1.1912305349664514
tegelikult;ADV;O;6;no;475760;2772;932020281;4.2339536849718495
raskem;ADJ;O;1;no;65322;2772;932020281;5.088878704242062
hulka;ADP;O;1;yes;102026;2772;932020281;3.2747198514327134
tooma;VERB;O;1;no;815211;2772;932020281;0.41311224197239116
välja;ADV;O;3;yes;1818512;2772;932020281;0.5549013692200766
metsavaldkond;NOUN;O;1;no;10;2772;932020281;357.9102060525622
samuti;ADV;O;2;yes;746006;2772;932020281;0.9015277134004718
kolm;NUM;O;3;no;673341;2772;932020281;1.4973340882784498
kord;NOUN;O;2;no;1307042;2772;932020281;0.5148308108834897
lisama;VERB;O;2;no;786480;2772;932020281;0.8551880186379391
taaskord;ADV;O;1;no;34994;2772;932020281;9.384804390836296
mets;NOUN;O;1;no;201146;2772;932020281;1.668457917439838
jälle;ADV;O;1;no;307793;2772;932020281;1.092100253395473
piisama;VERB;O;1;no;87982;2772;932020281;3.7919629751625337
paar;DET;O;1;no;441826;2772;932020281;0.7614964776119066
priske;ADJ;O;1;no;4226;2772;932020281;65.3659067841115
tõrvatilk;NOUN;O;1;no;904;2772;932020281;183.63559290029573
kogu;DET;O;1;yes;815676;2772;932020281;0.4128770040274453
sektor;NOUN;O;1;no;73962;2772;932020281;4.501810312938121
maine;NOUN;O;1;no;38545;2772;932020281;8.540631245177199
rikkuma;VERB;O;1;no;82274;2772;932020281;4.0520946890593255
kindlasti;ADV;O;1;no;603773;2772;932020281;0.5575589114866759
koht;NOUN;O;3;no;1152627;2772;932020281;0.8752148440807757
mingisugune;DET;O;2;yes;53640;2772;932020281;12.339387876945679
järeleandmine;NOUN;O;1;no;5337;2772;932020281;53.781716722189465
saama;AUX;O;4;yes;7285159;2772;932020281;0.18471339802432304
peadirektor;NOUN;O;1;no;17746;2772;932020281;18.051092557243518
peeter;PROPN;O;2;no;68989;2772;932020281;9.630656457379922
volkov;PROPN;O;2;no;2069;2772;932020281;224.3854630837149
juhtima;VERB;O;1;no;208258;2772;932020281;1.6117340226149668
poolt;ADV;O;1;yes;608747;2772;932020281;0.5530101277275488
tähelepanu;NOUN;O;1;no;236366;2772;932020281;1.4208237914465156
korrarikkuja;NOUN;O;1;no;515;2772;932020281;233.00203687912415
trahvimine;NOUN;O;1;no;643;2772;932020281;214.0662421593304
teema;NOUN;O;2;no;644030;2772;932020281;1.0440697348076737
määratud;ADJ;O;1;no;67938;2772;932020281;4.895579694949191
kogusumma;NOUN;O;2;no;11140;2772;932020281;55.78066552254206
looduskaitse;NOUN;O;1;no;10626;2772;932020281;29.170970865369654
suunas;ADP;O;2;no;62936;2772;932020281;10.543388107430184
aasta-aastalt;ADV;O;1;no;4919;2772;932020281;57.6239111618288
kalakaitse;NOUN;O;2;no;171;2772;932020281;610.4922430486164
trahvisumma;NOUN;O;3;no;355;2772;932020281;784.4569296831521
suund;NOUN;O;1;no;146341;2772;932020281;2.2893444585783382
niimoodi;ADV;O;1;yes;68305;2772;932020281;4.86963002610506
una;NOUN;O;1;no;1144;2772;932020281;162.4062519832399
2008;NUM;O;2;no;1;2772;932020281;721.7263538516856
86;NUM;O;1;no;1;2772;932020281;361.36264103181117
118;X;O;1;no;1;2772;932020281;361.36264103181117
keskkonnakaitsesuun;NOUN;O;1;no;1;2772;932020281;361.36264103181117
231;NUM;O;1;no;1;2772;932020281;361.36264103181117
268;NUM;O;1;no;1;2772;932020281;361.36264103181117
määrama;VERB;O;1;no;153466;2772;932020281;2.1836981605384795
ültse;ADV;O;1;no;2362;2772;932020281;102.3547653374034
1205;NUM;O;1;no;1;2772;932020281;361.36264103181117
isik;NOUN;O;1;no;280592;2772;932020281;1.1976195585082634
pea;NOUN;O;1;yes;496234;2772;932020281;0.6781611355656191
200000;NUM;O;1;no;1;2772;932020281;361.36264103181117
lähiaeg;NOUN;O;1;no;28325;2772;932020281;11.524026358123663
prioriteet;NOUN;O;1;no;34387;2772;932020281;9.546093583455892
nimetama;VERB;O;1;no;197986;2772;932020281;1.694962942030682
kaevandustegevus;NOUN;O;1;no;159;2772;932020281;309.0306190911245
kütus;NOUN;O;1;no;48931;2772;932020281;6.761697766769151
kvaliteet;NOUN;O;2;no;163393;2772;932020281;4.097886763222661
raietegevus;NOUN;O;1;no;300;2772;932020281;273.6632489562098
kontroll;NOUN;O;2;no;149211;2772;932020281;4.484959235637671
pais;NOUN;O;1;no;3118;2772;932020281;83.24863815130178
tagama;VERB;O;3;no;369778;2772;932020281;2.72345478362823
kala;NOUN;O;1;no;106142;2772;932020281;3.148837336952319
kudema;VERB;O;1;no;1660;2772;932020281;130.0756307154846
pääs;NOUN;O;2;no;15629;2772;932020281;40.66085990175144
välisuudis;NOUN;O;1;no;1206;2772;932020281;157.69666727422526
komisjon;NOUN;O;2;no;322389;2772;932020281;2.0827143403499173
teade;NOUN;O;1;no;134005;2772;932020281;2.4986373063247247
vähenemine;NOUN;O;2;no;30135;2772;932020281;21.6752465922081
registreerima;VERB;O;1;no;114066;2772;932020281;2.931865018672048
paaria;PUNCT;O;1;no;522;2772;932020281;231.8803095693564
ungari;PROPN;O;1;no;42960;2772;932020281;7.681548279616375
poola;PROPN;O;1;no;97351;2772;932020281;3.430487503481635
rumeenia;PROPN;O;3;no;21081;2772;932020281;45.8643096306339
slovakkia;PROPN;O;1;no;13711;2772;932020281;23.025213815750952
energeetikavolinik;NOUN;O;1;no;309;2772;932020281;271.67861640965606
günther;PROPN;O;1;no;868;2772;932020281;187.30826337750725
oettinger;PROPN;O;1;no;521;2772;932020281;232.03989461617337
pressiesindaja;NOUN;O;1;no;30524;2772;932020281;10.718414785676257
tavapärane;ADJ;O;1;no;81350;2772;932020281;4.09759837844255
väitma;VERB;O;1;no;138121;2772;932020281;2.4246770922132312
hoone;NOUN;O;1;no;221416;2772;932020281;1.5163556322755052
ukraina;PROPN;O;3;no;92377;2772;932020281;10.820089794456768
kaudu;ADP;O;1;yes;273910;2772;932020281;1.2267362630128018
hoopis;ADV;O;2;yes;292629;2772;932020281;2.293851291398405
suurendama;VERB;O;1;no;147990;2772;932020281;2.263994755390909
süüdistama;VERB;O;1;no;60097;2772;932020281;5.524563090247892
võtma;VERB;O;3;no;2139597;2772;932020281;0.47166469994444177
osa;NOUN;O;1;no;1001433;2772;932020281;0.33636316716627296
mõeldud;ADJ;O;1;no;15;2772;932020281;356.0205411043384
energeetika;NOUN;O;1;no;8269;2772;932020281;36.64361805338386
kütuseminister;NOUN;O;1;no;1;2772;932020281;361.36264103181117
juri;PROPN;O;1;no;8801;2772;932020281;34.64070382516062
boyka;PROPN;O;1;no;11;2772;932020281;357.5306699882127
tarne;NOUN;O;1;no;17253;2772;932020281;18.540461746455755
märkimisväärselt;ADV;O;1;no;24186;2772;932020281;13.4229795623439
lucas;PROPN;O;1;no;5125;2772;932020281;55.66411490085658
papadiima;NOUN;O;2;no;1;2772;932020281;721.7263538516856
võlakõnelus;NOUN;O;1;no;15;2772;932020281;356.0205411043384
valmima;VERB;O;1;no;66569;2772;932020281;4.994867803106453
majandusprogramm;NOUN;O;1;no;411;2772;932020281;251.0451090339138
sõna;NOUN;O;7;no;867383;2772;932020281;2.711594909069821
aitama;VERB;O;1;no;741012;2772;932020281;0.4544260263068215
kriis;NOUN;O;1;no;91735;2772;932020281;3.6383890607037466
finantseerimine;NOUN;O;1;no;7440;2772;932020281;40.27208028193292
palju;PRON;O;4;yes;2035102;2772;932020281;0.6610098933832484
taastama;VERB;O;1;no;75642;2772;932020281;4.403042593834666
rahvusvaheline;ADJ;O;1;no;276516;2772;932020281;1.215213835503052
valuutafond;NOUN;O;1;no;2082;2772;932020281;111.86343867816946
eesmärk;NOUN;O;2;no;597733;2772;932020281;1.124811543456695
riigivõlg;NOUN;O;1;no;1779;2772;932020281;124.36597219185562
võlalepe;NOUN;O;1;no;1;2772;932020281;361.36264103181117
praeguselt;ADV;O;1;yes;1055;2772;932020281;169.68053929913694
160;NUM;O;1;no;1;2772;932020281;361.36264103181117
2020;NUM;O;1;no;1;2772;932020281;361.36264103181117
120;X;O;1;no;1;2772;932020281;361.36264103181117
sisemajandus;NOUN;O;1;no;3644;2772;932020281;73.67945336219601
kogutoodang;NOUN;O;1;no;3654;2772;932020281;73.51879237762198
usa;PROPN;O;2;no;311382;2772;932020281;2.156116221967674
jaanuar;NOUN;O;4;no;196943;2772;932020281;6.801457954416888
prognoositu;NOUN;O;1;no;659;2772;932020281;211.9134978383111
rohkem;ADV;O;2;yes;1094826;2772;932020281;0.614538349719877
töökoht;NOUN;O;3;no;104263;2772;932020281;9.597526340850573
243000;NUM;O;1;no;1;2772;932020281;361.36264103181117
ekspert;NOUN;O;1;no;67551;2772;932020281;4.923244791117138
ootus;NOUN;O;2;no;66350;2772;932020281;10.008399311784114
150000;NUM;O;1;no;1;2772;932020281;361.36264103181117
töötus;NOUN;O;1;no;9990;2772;932020281;30.869625234529686
tase;NOUN;O;1;no;259264;2772;932020281;1.2957872011811957
kaheksa;NUM;O;2;no;101297;2772;932020281;6.5870270851158566
koma;NOUN;O;1;no;5646;2772;932020281;51.25534104117223
viis;NUM;O;2;no;476964;2772;932020281;1.4090624255038968
8,3;NUM;O;1;no;1;2772;932020281;361.36264103181117
lisandumine;NOUN;O;1;no;4715;2772;932020281;59.70558916050095
suurim;ADJ;O;1;no;223704;2772;932020281;1.5009109957372224
alates;ADP;O;1;yes;309658;2772;932020281;1.085542518633938
aprill;NOUN;O;1;no;200734;2772;932020281;1.6718665465238423
märk;NOUN;O;2;no;143901;2772;932020281;4.649390892831803
tugevnema;VERB;O;1;no;7732;2772;932020281;38.91480651514446
pärast;ADP;O;1;yes;1109488;2772;932020281;0.3036316589402649
suvi;NOUN;O;1;no;264231;2772;932020281;1.2715146799923571
ase;NOUN;O;1;no;67110;2772;932020281;4.955153763600851
leidnud;ADJ;O;1;no;20;2772;932020281;354.150725154985
aeglustumine;NOUN;O;1;no;2481;2772;932020281;98.7860150598392
rahvaarv;NOUN;O;2;no;10197;2772;932020281;60.507152334463896
2002.;ADJ;O;1;no;1;2772;932020281;361.36264103181117
12;NUM;O;1;no;1;2772;932020281;361.36264103181117
võrra;ADP;O;1;yes;107134;2772;932020281;3.1199323524795455
kahanema;VERB;O;1;no;19781;2772;932020281;16.27761998512971
mullune;ADJ;O;1;no;17659;2772;932020281;18.135565869022173
rahvaloendus;NOUN;O;1;no;6719;2772;932020281;44.0671518955032
esialgne;ADJ;O;3;no;54766;2772;932020281;18.12653255860176
andmed;NOUN;O;1;no;387498;2772;932020281;0.8680036435765021
väljaränn;NOUN;O;1;no;1;2772;932020281;361.36264103181117
sündimus;NOUN;O;1;no;3196;2772;932020281;81.67563382143241
elama;VERB;O;2;no;568404;2772;932020281;1.1827555283494111
19;NUM;O;1;no;1;2772;932020281;361.36264103181117
miljon;NUM;O;3;no;326060;2772;932020281;3.087573749370396
sealne;ADJ;O;1;no;64748;2772;932020281;5.133352143253467
statistikaamet;NOUN;O;1;no;14863;2772;932020281;21.345884138178306
10;NUM;O;1;no;1;2772;932020281;361.36264103181117
keenia;PROPN;O;1;no;7617;2772;932020281;39.43828202486897
21,7;NUM;O;1;no;1;2772;932020281;361.36264103181117
rumeenlane;NOUN;O;1;no;1834;2772;932020281;121.89305884500224
töötama;VERB;O;1;no;495634;2772;932020281;0.6789805566792692
välismaa;NOUN;O;1;no;73395;2772;932020281;4.536152150372016
peamiselt;ADV;O;2;yes;120848;2772;932020281;5.529522198485511
rikkam;ADJ;O;1;no;13106;2772;932020281;24.017537097786917
hispaania;PROPN;O;1;no;100266;2772;932020281;3.331672615157911
100;NUM;O;1;no;1;2772;932020281;361.36264103181117
esitama;VERB;O;3;no;354189;2772;932020281;2.8430082152679175
haridus;NOUN;O;4;no;132733;2772;932020281;10.068742202270226
teadusministeerium;NOUN;O;2;no;13570;2772;932020281;46.43389765204296
tähtaja;NOUN;O;1;no;11;2772;932020281;357.5306699882127
seisukoht;NOUN;O;1;no;167456;2772;932020281;2.0022723250488013
koolivõrk;NOUN;O;4;no;2926;2772;932020281;348.8417718534566
ümberkujundamine;NOUN;O;1;no;4661;2772;932020281;60.282040103405556
kohta;ADP;O;1;yes;1119072;2772;932020281;0.3010334487851322
mirko;PROPN;O;2;no;2430;2772;932020281;200.29186893409025
ojakivi;NOUN;O;1;no;1263;2772;932020281;153.60162081272478
uurima;VERB;O;1;no;275215;2772;932020281;1.220939022030072
ümberkorraldamine;NOUN;O;2;no;4886;2772;932020281;115.74131628156923
sõnastama;VERB;O;1;no;24616;2772;932020281;13.197056725727851
teadusminister;NOUN;O;1;no;4667;2772;932020281;60.21744090167596
jaak;PROPN;O;1;no;42428;2772;932020281;7.775796014240858
aaviksoo;PROPN;O;1;no;3830;2772;932020281;70.8016037276517
lähtealune;NOUN;O;1;no;620;2772;932020281;217.2385741384539
peamine;ADJ;O;1;no;176433;2772;932020281;1.9009310423455594
gümnaasiumivõrg;NOUN;O;3;no;1;2772;932020281;1082.09006667156
antav;ADJ;O;1;no;15019;2772;932020281;21.13712270054649
võrdselt;ADV;O;1;no;21978;2772;932020281;14.71664663509787
piirkonniti;ADV;O;1;no;2153;2772;932020281;109.28896479381123
kättesaadav;ADJ;O;1;no;70985;2772;932020281;4.688162434442208
toimiv;ADJ;O;1;no;36786;2772;932020281;8.93892814009229
süsteem;NOUN;O;1;no;273337;2772;932020281;1.2292991477235362
tõhus;ADJ;O;1;no;60960;2772;932020281;5.447530575793883
kuidas;ADV;O;2;yes;1325101;2772;932020281;0.5078194246875601
saavutama;VERB;O;1;no;218470;2772;932020281;1.5367163549660359
ministeerium;NOUN;O;2;no;40879;2772;932020281;16.10545069099423
vaid;CCONJ;O;2;yes;1233871;2772;932020281;0.5453382559127246
küsima;VERB;O;1;no;448244;2772;932020281;0.7506159226119852
tänane;ADJ;O;2;no;182212;2772;932020281;3.6768075989738693
haridusministeerium;NOUN;O;2;no;6102;2772;932020281;95.73263917005264
226;NUM;O;1;no;1;2772;932020281;361.36264103181117
ligipool;NOUN;O;1;no;1;2772;932020281;361.36264103181117
vastus;NOUN;O;1;no;295985;2772;932020281;1.1355316463815992
esitatud;ADJ;O;1;no;124710;2772;932020281;2.6834865606613367
korrastama;VERB;O;1;no;20191;2772;932020281;15.961669704103551
kolmeaastane;ADJ;O;1;no;8483;2772;932020281;35.810721890722455
üleminekuperiood;NOUN;O;1;no;5149;2772;932020281;55.444424997536466
leiduma;VERB;O;1;no;119243;2772;932020281;2.8055636861141293
pakkuma;VERB;O;1;no;862364;2772;932020281;0.39054816072088294
koolireform;NOUN;O;1;no;367;2772;932020281;259.54842877345544
teostamine;NOUN;O;1;no;30699;2772;932020281;10.659114688150789
aeg;NOUN;O;1;no;2446460;2772;932020281;0.1377624304093675
seitse;NUM;O;2;no;109382;2772;932020281;6.10425876747587
keerulisem;ADJ;O;1;no;45456;2772;932020281;7.268227245655899
lugu;NOUN;O;1;no;456156;2772;932020281;0.7376230789665643
gümnaasiumipidaja;NOUN;O;2;no;1;2772;932020281;721.7263538516856
rääkima;VERB;O;2;no;1111753;2772;932020281;0.605189530911225
asekantsler;NOUN;O;1;no;8845;2772;932020281;34.48480858054616
kalle;PROPN;O;2;no;35285;2772;932020281;18.593062605679723
küttim;PROPN;O;2;no;678;2772;932020281;418.24648634709047
pooleks;ADV;O;1;yes;17370;2772;932020281;18.421937452906192
ühesõnaga;ADV;O;1;no;36873;2772;932020281;8.918357148662908
argument;NOUN;O;3;no;30040;2772;932020281;32.59754994712311
pidamine;NOUN;O;1;no;31082;2772;932020281;10.531594280225496
funktsioon;NOUN;O;1;no;95963;2772;932020281;3.479628487621211
üle;ADV;O;1;yes;1448447;2772;932020281;0.2326228461710696
milline;ADJ;O;2;yes;639709;2772;932020281;1.0511117836014352
?;PUNCT;O;2;no;1;2772;932020281;721.7263538516856
no;INTJ;O;1;no;322221;2772;932020281;1.0433406210631233
esimene;ADJ;O;1;no;1425681;2772;932020281;0.23633505939262525
lihtsam;ADJ;O;1;no;130271;2772;932020281;2.56974780120384
seal;ADV;O;3;yes;913842;2772;932020281;1.1036736458290273
raamat;NOUN;O;1;no;523824;2772;932020281;0.6425055832572603
targem;ADJ;O;1;no;45003;2772;932020281;7.33990473533895
näida;NOUN;O;1;no;39;2772;932020281;347.22104107978214
kutseharidus;NOUN;O;1;no;7554;2772;932020281;39.73107083343802
pooldama;VERB;O;2;no;20704;2772;932020281;31.12334508519336
vald;NOUN;O;1;no;356680;2772;932020281;0.9428057608731221
linnupõhjendama;VERB;O;1;no;1;2772;932020281;361.36264103181117
asjaolu;NOUN;O;1;no;120123;2772;932020281;2.7851688603724996
traditsioon;NOUN;O;1;no;63562;2772;932020281;5.227750904803338
jätkamine;NOUN;O;1;no;19009;2772;932020281;16.90779449232348
koolipidaja;NOUN;O;1;no;1303;2772;932020281;150.85262346145242
kool;NOUN;O;3;no;592567;2772;932020281;1.7011181881904263
säilimine;NOUN;O;1;no;12969;2772;932020281;24.254239333729565
tagasiside;NOUN;O;1;no;69758;2772;932020281;4.769537079465569
teadma;VERB;O;1;no;1482710;2772;932020281;0.22725069003811657
asuma;VERB;O;1;no;540495;2772;932020281;0.6227222880443197
piirama;VERB;O;1;no;63564;2772;932020281;5.227588793997678
andekas;ADJ;O;1;no;25006;2772;932020281;12.998627853081622
kutsekool;NOUN;O;1;no;8139;2772;932020281;37.16877070428442
enamasti;ADV;O;1;no;136704;2772;932020281;2.4496397977074156
kaugemal;ADV;O;1;no;14742;2772;932020281;21.51066968358497
laps;NOUN;O;1;no;1520720;2772;932020281;0.22157409735252104
naaberomavalitsus;NOUN;O;1;no;469;2772;932020281;240.65224283387988
suisa;ADV;O;1;no;27023;2772;932020281;12.060755795893911
naabermaakond;NOUN;O;1;no;516;2772;932020281;232.84112612398044
minema;VERB;O;3;yes;2265890;2772;932020281;0.44538652308841353
küttis;PROPN;O;1;no;631;2772;932020281;215.70972365290928
kohtuma;VERB;O;1;no;156435;2772;932020281;2.142498931964019
kümme;NUM;O;2;no;215041;2772;932020281;3.117914101491341
ise;ADV;O;2;yes;3519608;2772;932020281;0.19127330511699664
ees;ADV;O;1;yes;378189;2772;932020281;0.8893167480624119
seisma;VERB;O;1;no;266154;2772;932020281;1.2623598663968991
veel;ADV;O;2;yes;1878717;2772;932020281;0.3582505660419182
kohtumine;NOUN;O;1;no;236056;2772;932020281;1.4226823468909056
tõdemus;NOUN;O;1;no;9067;2772;932020281;33.71917081907183
kuid;CCONJ;O;3;yes;1732138;2772;932020281;0.5825569459158432
naljalt;ADV;O;1;no;7018;2772;932020281;42.40978776924488
kohta;VERB;O;1;yes;1119072;2772;932020281;0.3010334487851322
ainuke;ADJ;O;1;no;75084;2772;932020281;4.435363383035122
natuke;ADV;O;2;no;312289;2772;932020281;2.1498727156679682
personaalsem;ADJ;O;1;no;1083;2772;932020281;167.3227193083535
linn;NOUN;O;4;no;630723;2772;932020281;2.1306545304933957
kuulma;VERB;O;2;no;283532;2772;932020281;2.3672073705863395
jamama;VERB;O;1;no;8352;2772;932020281;36.31602071878354
maa-ala;NOUN;O;1;no;14304;2772;932020281;22.1290511997319
pooltühi;ADJ;O;1;no;2270;2772;932020281;105.29560817556938
pangemaa;NOUN;O;1;no;1;2772;932020281;361.36264103181117
kinni;ADV;O;2;no;325860;2772;932020281;2.0605929266472867
sõjaline;ADJ;O;1;no;31478;2772;932020281;10.402914591079659
konn;NOUN;O;1;no;12243;2772;932020281;25.590751717067704
maa;NOUN;O;2;no;416323;2772;932020281;1.6138459521045774
jama;NOUN;O;1;no;89609;2772;932020281;3.723822327515291
tiik;NOUN;O;1;no;15932;2772;932020281;19.992781511195492
võimalus;NOUN;O;1;no;898809;2772;932020281;0.37472857775574564
ootama;VERB;O;1;no;587237;2772;932020281;0.5732343276382081
omavalitsusliit;NOUN;O;1;no;1389;2772;932020281;145.26313089049765
maavalitsus;NOUN;O;1;no;17189;2772;932020281;18.605943134003084
konkreetne;ADJ;O;2;no;150895;2772;932020281;4.435213997017857
nägemus;NOUN;O;1;no;23599;2772;932020281;13.744176516764856
maakond;NOUN;O;1;no;130110;2772;932020281;2.5729050281384267
koolivõrgus;NOUN;O;1;no;1;2772;932020281;361.36264103181117
märtsikuu;NOUN;O;1;no;8263;2772;932020281;36.66752900753092
kavatsema;VERB;O;1;no;82912;2772;932020281;4.02126080963709
avalikustama;VERB;O;1;no;33628;2772;932020281;9.75574291152143
korrastamine;NOUN;O;1;no;15714;2772;932020281;20.25461144386807
tegevuskava;NOUN;O;1;no;30110;2772;932020281;10.86136372009165
saadud;ADJ;O;1;yes;118202;2772;932020281;2.8300788648209005
info;NOUN;O;1;no;319849;2772;932020281;1.0510555536704012
põhjal;ADP;O;1;no;132835;2772;932020281;2.520491763740752
langetatud;ADJ;O;1;no;4083;2772;932020281;67.22977256059528
200;NUM;O;1;no;1;2772;932020281;361.36264103181117
tegutsev;ADJ;O;2;no;45357;2772;932020281;14.547409329209891
asemel;ADP;O;1;yes;194343;2772;932020281;1.726583729927323
reform;NOUN;O;1;no;33857;2772;932020281;9.691525376543634
küttis;NOUN;O;1;no;631;2772;932020281;215.70972365290928
alles;ADV;O;1;yes;354356;2772;932020281;0.9489728153843782
umbes;ADV;O;2;yes;373703;2772;932020281;1.7974436158443583
pool;NUM;O;2;yes;622239;2772;932020281;1.0805786911788076
ojakiv;PROPN;O;1;no;1;2772;932020281;361.36264103181117
tartu;PROPN;O;1;no;629479;2772;932020281;0.5348235707048985
märkimisväärne;ADJ;O;2;no;42732;2772;932020281;15.421972625109436
ettevõte;NOUN;O;6;no;549160;2772;932020281;3.669007841332481
juhatus;NOUN;O;1;no;161830;2772;932020281;2.0714824766632662
liige;NOUN;O;1;no;421094;2772;932020281;0.7989049411074471
maig;PROPN;O;1;no;1;2772;932020281;361.36264103181117
pärnik;NOUN;O;1;no;282;2772;932020281;277.72079112276595
värnik;PROPN;O;1;no;1281;2772;932020281;152.35227429820495
vastama;VERB;O;2;no;364411;2772;932020281;1.8431591356470352
enne;ADP;O;1;yes;841805;2772;932020281;0.40007578255667625
ühekordne;ADJ;O;2;no;25730;2772;932020281;25.25635035825383
kanne;NOUN;O;1;no;12808;2772;932020281;24.53844069972975
müügitulemus;NOUN;O;1;no;1456;2772;932020281;141.18752489707293
jooksev;ADJ;O;1;no;18255;2772;932020281;17.572226846097355
kasum;NOUN;O;1;no;45108;2772;932020281;7.323165168490222
mitterahaline;ADJ;O;1;no;2157;2772;932020281;109.14744553546768
mahakandmine;NOUN;O;1;no;1859;2772;932020281;120.80122640943382
provision;NOUN;O;1;no;63;2772;932020281;338.8460308965327
tingituna;ADV;O;1;no;5703;2772;932020281;50.815017678828795
majandustulemus;NOUN;O;2;no;3417;2772;932020281;154.83609686018045
alus;NOUN;O;2;no;349900;2772;932020281;1.919395284776045
konsolideeritud;ADJ;O;2;no;1;2772;932020281;721.7263538516856
lõpp;ADJ;O;1;no;549360;2772;932020281;0.6126904633402399
seis;NOUN;O;1;no;162209;2772;932020281;2.066670125623024
äriseadustik;NOUN;O;1;no;1332;2772;932020281;148.92034126544232
netovaranõue;NOUN;O;1;no;1;2772;932020281;361.36264103181117
omakapital;NOUN;O;1;no;4495;2772;932020281;62.12592830338137
aktsiakapital;NOUN;O;1;no;2528;2772;932020281;97.44413196935322
auditeerimata;ADJ;O;1;no;576;2772;932020281;223.57701492902044
finantstulemus;NOUN;O;1;no;671;2772;932020281;210.3271411314119
avaldama;VERB;O;1;no;239828;2772;932020281;1.400393107148322
29.;ADJ;O;1;no;1;2772;932020281;361.36264103181117
nukuteater;NOUN;O;1;no;4385;2772;932020281;63.41120685268317
toimunud;ADJ;O;1;no;241;2772;932020281;287.42782911730626
üritus;NOUN;O;1;no;217157;2772;932020281;1.5459681209259666
uli;NOUN;O;1;no;192;2772;932020281;299.9578197810139
kultuur;NOUN;O;13;no;145571;2772;932020281;29.84155886794522
toetamine;NOUN;O;5;no;55840;2772;932020281;29.628420389875625
pälvima;VERB;O;3;no;56114;2772;932020281;17.698201786908413
pärjatud;ADJ;O;1;no;5105;2772;932020281;55.848524136903194
kõrval;ADP;O;2;yes;166213;2772;932020281;4.028748953117041
tänu;ADP;O;1;yes;332692;2772;932020281;1.010594718553015
pikaajaliselt;ADV;O;1;no;4776;2772;932020281;59.06753239834934
panustama;VERB;O;2;no;72398;2772;932020281;9.18294203240908
mitu;DET;O;1;yes;814408;2772;932020281;0.41351910183705165
kultuuriüritus;NOUN;O;1;no;3303;2772;932020281;79.61205626122539
õnnestumine;NOUN;O;1;no;13575;2772;932020281;23.24106993356747
110;NUM;O;1;no;1;2772;932020281;361.36264103181117
väiksem;ADJ;O;1;no;224355;2772;932020281;1.4965738925299172
ettevõtja;NOUN;O;2;no;136385;2772;932020281;4.903873708428981
erinev;ADJ;O;1;no;936494;2772;932020281;0.35966429945835826
kultuuriminister;NOUN;O;3;no;8350;2772;932020281;108.77071451134957
tunnustus;NOUN;O;1;no;39915;2772;932020281;8.254180367600327
tuur;NOUN;O;1;no;22289;2772;932020281;14.519546031931853
ühing;NOUN;O;1;no;47144;2772;932020281;7.013032087675739
rein;PROPN;O;1;no;40884;2772;932020281;8.062906766658466
lang;PROPN;O;1;no;7767;2772;932020281;38.7582350641036
roll;NOUN;O;1;no;210397;2772;932020281;1.5954206025754978
suurenemine;NOUN;O;1;no;19348;2772;932020281;16.62516448241823
ühiskond;NOUN;O;3;no;191484;2772;932020281;5.247026607237761
liikuma;VERB;O;1;no;310463;2772;932020281;1.0827362382807333
tõeliselt;ADV;O;1;no;54108;2772;932020281;6.125700375055838
vaba;ADJ;O;1;no;252696;2772;932020281;1.329343155795078
niivõrd;ADV;O;1;yes;53708;2772;932020281;6.170544431434681
kui;ADV;O;2;yes;8931430;2772;932020281;0.07538715111936556
milline;DET;O;1;yes;639709;2772;932020281;0.5262833040733436
viis;NOUN;O;2;no;476964;2772;932020281;1.4090624255038968
ülisümpaatne;ADJ;O;1;no;35;2772;932020281;348.6572924093643
sellepärast;ADV;O;1;yes;114174;2772;932020281;2.9291141510697836
klassikaline;ADJ;O;1;no;74645;2772;932020281;4.461126829621305
turumajandus;NOUN;O;1;no;4301;2772;932020281;64.42907819458584
põhinev;ADJ;O;1;no;37354;2772;932020281;8.806312863124155
eeldama;VERB;O;1;no;97714;2772;932020281;3.4178639129889157
lahti;ADV;O;1;no;266613;2772;932020281;1.260194162927376
riigistatud;ADJ;O;1;no;1;2772;932020281;361.36264103181117
kultuuriinstitutsioon;NOUN;O;1;no;123;2772;932020281;319.5755370302712
tegija;NOUN;O;1;no;67694;2772;932020281;4.91298594174416
sõltuv;ADJ;O;1;no;8923;2772;932020281;34.21187001800779
mingi;DET;O;2;yes;1065792;2772;932020281;0.6312648001480455
ripats;NOUN;O;1;no;4295;2772;932020281;64.50303514297816
kuskil;ADV;O;1;yes;132728;2772;932020281;2.522509514584671
riigiametnik;NOUN;O;1;no;6278;2772;932020281;46.76251379859365
edasi-tagasi;ADV;O;1;no;13464;2772;932020281;23.42026937287576
kamandama;VERB;O;1;no;3273;2772;932020281;80.18003489824372
solgutama;VERB;O;1;no;654;2772;932020281;212.58156463536585
test;NOUN;O;1;no;105811;2772;932020281;3.158601583418153
ette;ADP;O;1;yes;726267;2772;932020281;0.4636401638001653
võtluskond;NOUN;O;1;no;1;2772;932020281;361.36264103181117
teistpidi;ADV;O;1;no;9532;2772;932020281;32.22075873558818
kõvasti;ADV;O;1;no;78038;2772;932020281;4.269451516900802
kasu;NOUN;O;1;no;169307;2772;932020281;1.9805017223541441
eri;ADJ;O;2;no;130164;2772;932020281;5.136580988747225
metseen;NOUN;O;1;no;428;2772;932020281;247.9070919666694
eesti;ADJ;O;1;no;3051164;2772;932020281;0.11046791144118759
jaoks;ADP;O;2;yes;839975;2772;932020281;0.8007845210410834
osatähtsus;NOUN;O;1;no;6750;2772;932020281;43.88932345210019
maksma;VERB;O;1;no;520708;2772;932020281;0.6463435698372607
alahindama;VERB;O;1;no;11019;2772;932020281;28.211706193355308
palju;DET;O;1;yes;2035102;2772;932020281;0.16559579531577287
kultuuritegevus;NOUN;O;1;no;589;2772;932020281;221.6661257512862
paik;NOUN;O;1;no;189767;2772;932020281;1.7680147091557705
tegutsema;VERB;O;1;no;184743;2772;932020281;1.8158537016349734
igapäevane;ADJ;O;2;no;90871;2772;932020281;7.335110799346679
elukvaliteet;NOUN;O;1;no;11319;2772;932020281;27.520864805137826
lausa;ADV;O;1;no;160623;2772;932020281;2.0869588100200613
tegelema;VERB;O;1;no;308940;2772;932020281;1.088057813585939
järgi;ADP;O;1;yes;473007;2772;932020281;0.7113967376615248
sina;PRON;O;3;yes;3764412;2772;932020281;0.2681327317331983
valima;VERB;O;2;no;477367;2772;932020281;1.4078751929706905
organisatsioon;NOUN;O;1;no;142045;2772;932020281;2.3581319027055367
asutus;NOUN;O;1;no;143582;2772;932020281;2.33305164594283
üldse;ADV;O;1;no;442655;2772;932020281;0.7600733508045885
kust;ADV;O;1;yes;188383;2772;932020281;1.7809398978377864
lihtsalt;ADV;O;1;no;750446;2772;932020281;0.44872043602275213
ümbrik;NOUN;O;1;no;9550;2772;932020281;32.16542840405926
üleandmine;NOUN;O;1;no;16875;2772;932020281;18.934030935998273
aastatepikkune;ADJ;O;1;no;6213;2772;932020281;47.187923843263704
koostöö;NOUN;O;2;no;331332;2772;932020281;2.0266573699623405
raske;ADJ;O;3;no;360052;2772;932020281;2.7968328827611195
määrav;ADJ;O;1;no;14338;2772;932020281;22.07977898352358
meeldima;VERB;O;1;no;469613;2772;932020281;0.7165279799944716
isiklik;ADJ;O;1;no;150575;2772;932020281;2.2253666678486224
sümpaatia;NOUN;O;1;no;3646;2772;932020281;73.64726501490188
kahtlemata;ADV;O;1;no;42593;2772;932020281;7.746318570369114
tähtis;ADJ;O;2;no;160151;2772;932020281;4.1803619295263
panus;NOUN;O;1;no;96568;2772;932020281;3.458036951240566
osaühing;PROPN;O;1;no;12723;2772;932020281;24.691187998273072
muuseum;NOUN;O;1;no;119368;2772;932020281;2.802648512368147
kontsertorganisatsioon;NOUN;O;1;no;49;2772;932020281;343.68165409865014
teine;PRON;O;1;yes;2488232;2772;932020281;0.1354505649813872
sõber;NOUN;O;1;no;334302;2772;932020281;1.0057412210007484
kuulutama;VERB;O;1;no;85376;2772;932020281;3.906458192189878
pank;NOUN;O;1;no;131427;2772;932020281;2.547304083715716
direktor;NOUN;O;1;no;74907;2772;932020281;4.4457150373139935
vahur;PROPN;O;1;no;11014;2772;932020281;28.22351418695056
kraft;PROPN;O;1;no;1372;2772;932020281;146.3349414320553
andmine;NOUN;O;1;no;90267;2772;932020281;3.696954987450065
valik;NOUN;O;1;no;369082;2772;932020281;0.9112051284498732
ratsionaalne;ADJ;O;1;no;9246;2772;932020281;33.126154553631565
teisalt;ADV;O;1;no;33165;2772;932020281;9.888215160732937
emotsionaalne;ADJ;O;1;no;39795;2772;932020281;8.278500871218759
persoon;NOUN;O;1;no;6156;2772;932020281;47.56739675000411
juhtkond;NOUN;O;1;no;32833;2772;932020281;9.985442628865412
pidama;VERB;O;1;yes;3575612;2772;932020281;0.09426940391800712
tõesti;ADV;O;1;yes;300214;2772;932020281;1.119585351198728
kaunis;ADJ;O;1;no;122041;2772;932020281;2.741728812612529
niisugune;DET;O;1;yes;62699;2772;932020281;5.298652628694011
emotsioon;NOUN;O;1;no;86833;2772;932020281;3.84160650563187
reaalse;PROPN;O;1;no;1;2772;932020281;361.36264103181117
laeng;NOUN;O;1;no;5393;2772;932020281;53.305548108866624
saamine;NOUN;O;2;no;179959;2772;932020281;3.72260228523093
rõõm;NOUN;O;1;no;143375;2772;932020281;2.3363982723908694
hakkama;VERB;O;1;yes;1534212;2772;932020281;0.21962673757260082
esitlema;VERB;O;1;no;41069;2772;932020281;8.027392444819323
spetsiaalselt;ADV;O;1;no;33770;2772;932020281;9.715822599037649
näitus;NOUN;O;8;no;139245;2772;932020281;19.19533769277112
valminud;ADJ;O;1;no;54035;2772;932020281;6.133835728311172
väljapanek;NOUN;O;1;no;21842;2772;932020281;14.804530281361377
nimetaja;NOUN;O;1;no;2165;2772;932020281;108.86550370588374
kroonlühter;NOUN;O;2;no;713;2772;932020281;409.34773464705097
kesk-eesti;PROPN;O;1;no;732;2772;932020281;202.61692524311405
korrespondent;NOUN;O;1;no;3399;2772;932020281;77.84740107486986
olev;PROPN;O;2;yes;371714;2772;932020281;1.8070374801481246
kenk;PROPN;O;2;no;669;2772;932020281;420.59762356989484
kunstikeskus;NOUN;O;1;no;1460;2772;932020281;140.9514273589065
vedaja;NOUN;O;1;no;11191;2772;932020281;27.811441791186308
riin;PROPN;O;1;no;2755;2772;932020281;91.44475679069437
pallon;PROPN;O;1;no;282;2772;932020281;277.72079112276595
tavamõis;NOUN;O;1;no;1;2772;932020281;361.36264103181117
valgus;NOUN;O;3;no;134323;2772;932020281;7.4645065002073965
lihter;NOUN;O;2;no;75;2772;932020281;668.6909272642596
otsima;VERB;O;1;no;400788;2772;932020281;0.8392877025211807
tasuma;VERB;O;2;no;283757;2772;932020281;2.365336481228344
kunstnik;NOUN;O;4;no;97509;2772;932020281;13.671522570864386
ülesanne;NOUN;O;1;no;213552;2772;932020281;1.5719524113576573
mängima;VERB;O;1;no;537718;2772;932020281;0.6259327210319522
ümber;ADP;O;1;yes;295225;2772;932020281;1.1384456548033182
tiirlema;VERB;O;1;no;5525;2772;932020281;52.21582993482355
installatsioon;NOUN;O;1;no;7480;2772;932020281;40.08058250167723
mõni;PRON;O;1;yes;1272983;2772;932020281;0.2646633939554557
päris;ADV;O;3;yes;460557;2772;932020281;2.18772697443258
kaugele;ADV;O;1;no;48005;2772;932020281;6.88964450517037
algne;ADJ;O;1;no;65015;2772;932020281;5.1125687171576635
idee;NOUN;O;2;no;241694;2772;932020281;2.7754044050836613
võit;NOUN;O;1;no;245647;2772;932020281;1.3673453341414794
pimedus;NOUN;O;1;no;25858;2772;932020281;12.585233954358818
eks;ADV;O;2;yes;289758;2772;932020281;2.316506513793858
ikka;ADV;O;2;yes;1124710;2772;932020281;0.598223336854202
tõlgendama;VERB;O;1;no;21630;2772;932020281;14.943638410002306
moodi;ADP;O;1;no;37832;2772;932020281;8.697722022492577
töö;NOUN;O;2;no;1240583;2772;932020281;0.5423899948656228
eriline;ADJ;O;1;no;187520;2772;932020281;1.7890955606401393
täiesti;ADV;O;1;yes;326178;2772;932020281;1.030719488778639
kairi;PROPN;O;2;no;10193;2772;932020281;60.52890767541831
orgusaar;PROPN;O;2;no;428;2772;932020281;495.1288851227103
esindama;VERB;O;1;no;94202;2772;932020281;3.5440389450853402
kallis;PROPN;O;1;no;125444;2772;932020281;2.6679006992681247
valev;PROPN;O;1;no;969;2772;932020281;177.3566943226118
sein;PROPN;O;1;no;155936;2772;932020281;2.149314259684321
klaas;NOUN;O;2;no;93897;2772;932020281;7.101046952508958
lühter;NOUN;O;2;no;1980;2772;932020281;231.24335014746597
valmistama;VERB;O;1;no;152592;2772;932020281;2.196129779960752
noorematestan;ADJ;O;1;no;1;2772;932020281;361.36264103181117
bornholm;PROPN;O;1;no;531;2772;932020281;230.4538612738497
klaasipuhumine;NOUN;O;1;no;124;2772;932020281;319.2729144928255
õppinud;ADJ;O;1;no;1;2772;932020281;361.36264103181117
katariin;PROPN;O;1;no;116;2772;932020281;321.71006514940007
ricken;PROPN;O;1;no;35;2772;932020281;348.6572924093643
kati;PROPN;O;1;no;13162;2772;932020281;23.92210782702808
kersna;PROPN;O;1;no;5294;2772;932020281;54.15316007037636
otsustama;VERB;O;1;no;383510;2772;932020281;0.8770078583812544
paigutama;VERB;O;1;no;45222;2772;932020281;7.305077018766208
põrand;NOUN;O;1;no;76564;2772;932020281;4.35065790031369
olustvere;PROPN;O;1;no;3342;2772;932020281;78.885604351769
noor;ADJ;O;1;no;557672;2772;932020281;0.6035736597613429
klaasipuhuja;NOUN;O;1;no;132;2772;932020281;316.8724120197504
eili;PROPN;O;1;no;545;2772;932020281;228.2694944785275
soon;PROPN;O;1;no;10005;2772;932020281;30.827287891576926
noor;NOUN;O;1;no;557672;2772;932020281;0.6035736597613429
esile;ADV;O;1;no;95763;2772;932020281;3.486825607964139
tõstma;VERB;O;1;no;229248;2772;932020281;1.4647608096775941
tuletus;NOUN;O;1;no;238;2772;932020281;288.1648107759617
kroonine;ADJ;O;1;no;3107;2772;932020281;83.4753602165442
kirjeldama;VERB;O;2;no;156794;2772;932020281;4.269335676359056
kergem;ADJ;O;1;no;62630;2772;932020281;5.3044046018025375
ega;ADV;O;1;yes;709853;2772;932020281;0.47434690273173047
miski;PRON;O;1;yes;1421997;2772;932020281;0.2369469369679596
muu;PRON;O;1;yes;842691;2772;932020281;0.39965561011611483
vaatamata;ADP;O;1;yes;72323;2772;932020281;4.602533336078411
kerge;ADJ;O;1;no;177927;2772;932020281;1.8850526652147752
paraku;ADV;O;1;no;106945;2772;932020281;3.12539845835717
mõiste;NOUN;O;1;no;84693;2772;932020281;3.9376186046079966
meka;NOUN;O;1;no;2251;2772;932020281;105.9241359192592
praegalt;ADV;O;1;no;49;2772;932020281;343.68165409865014
aegnas;ADJ;O;1;no;1;2772;932020281;361.36264103181117
korraldama;VERB;O;1;no;238111;2772;932020281;1.410451861267757
kõik;PRON;O;1;yes;3161580;2772;932020281;0.10661103284864192
15;NUM;O;1;no;1;2772;932020281;361.36264103181117
kaasa;ADV;O;1;no;517303;2772;932020281;0.6505902914387891
avatud;ADJ;O;1;no;208456;2772;932020281;1.610209946232519
19.;ADJ;O;1;no;1;2772;932020281;361.36264103181117
rahvusringhääling;NOUN;O;1;no;10601;2772;932020281;29.234204454998874
raadiouudis;NOUN;O;1;no;1748;2772;932020281;125.8045229242064
paide;PROPN;O;1;no;54891;2772;932020281;6.039778413658467
ilm;NOUN;O;2;no;211073;2772;932020281;3.176270658983797
vähene;ADJ;O;2;no;96224;2772;932020281;6.930968595957339
vahelduv;ADJ;O;2;no;12998;2772;932020281;48.340584715032776
pilvisus;NOUN;O;2;no;7589;2772;932020281;79.02637281327758
lumi;NOUN;O;2;no;94554;2772;932020281;7.052187571480521
sadama;VERB;O;2;no;47393;2772;932020281;13.934506836421564
puhuma;VERB;O;2;no;39206;2772;932020281;16.776744860895974
kagu;NOUN;O;2;no;6249;2772;932020281;93.77293185725863
idatuul;NOUN;O;2;no;767;2772;932020281;396.3374263428261
meeter;NOUN;O;2;no;147382;2772;932020281;4.5402674959521025
sekund;NOUN;O;2;no;150662;2772;932020281;4.44203092066293
külm;NOUN;O;2;no;157422;2772;932020281;4.252404355007089
homne;ADJ;O;1;no;31804;2772;932020281;10.299317692996716
päevakada;PROPN;O;1;no;1;2772;932020281;361.36264103181117
järjekorranumber;NOUN;O;1;no;1922;2772;932020281;118.13464505594472
18541;NUM;O;1;no;1;2772;932020281;361.36264103181117
kena;ADJ;O;1;no;90103;2772;932020281;3.703615068549299
kuulmine;NOUN;O;1;no;7850;2772;932020281;38.391926013635974
